date,day_of_week,month,is_weekend,product_name,category,unit,quantity_in_stock,quantity_purchased,quantity_consumed,quantity_wasted,unit_price,shelf_life_days,is_synthetic,quantity_consumed_lag1,quantity_consumed_lag7,rolling_avg_7d
2026-04-02,3,4,0,Whole Milk,Dairy,L,4.64,0.0,2.42,0.44,60.0,7,True,2.7306629834254146,2.7306629834254146,2.7306629834254146
2026-04-03,4,4,0,Whole Milk,Dairy,L,9.54,8.2,3.31,0.0,60.0,7,True,2.42,2.7306629834254146,2.42
2026-04-04,5,4,1,Whole Milk,Dairy,L,5.84,0.0,3.7,0.0,60.0,7,True,3.31,2.7306629834254146,2.865
2026-04-05,6,4,1,Whole Milk,Dairy,L,8.7,7.01,4.15,0.0,60.0,7,True,3.7,2.7306629834254146,3.143333333333333
2026-04-06,0,4,0,Whole Milk,Dairy,L,14.69,8.16,2.17,0.0,60.0,7,True,4.15,2.7306629834254146,3.395
2026-04-07,1,4,0,Whole Milk,Dairy,L,20.51,7.99,2.17,0.0,60.0,7,True,2.17,2.7306629834254146,3.15
2026-04-08,2,4,0,Whole Milk,Dairy,L,17.73,0.0,2.78,0.0,60.0,7,True,2.17,2.7306629834254146,2.986666666666667
2026-04-09,3,4,0,Whole Milk,Dairy,L,15.22,0.0,2.51,0.0,60.0,7,True,2.78,2.42,2.957142857142857
2026-04-10,4,4,0,Whole Milk,Dairy,L,25.38,13.3,3.14,0.0,60.0,7,True,2.51,3.31,2.97
2026-04-11,5,4,1,Whole Milk,Dairy,L,21.74,0.0,3.65,0.0,60.0,7,True,3.14,3.7,2.9457142857142853
2026-04-12,6,4,1,Whole Milk,Dairy,L,18.59,0.0,3.14,0.0,60.0,7,True,3.65,4.15,2.9385714285714286
2026-04-13,0,4,0,Whole Milk,Dairy,L,23.6,7.1,2.09,0.0,60.0,7,True,3.14,2.17,2.7942857142857145
2026-04-14,1,4,0,Whole Milk,Dairy,L,21.27,0.0,2.33,0.0,60.0,7,True,2.09,2.17,2.782857142857143
2026-04-15,2,4,0,Whole Milk,Dairy,L,19.66,0.0,1.6,0.0,60.0,7,True,2.33,2.78,2.8057142857142856
2026-04-16,3,4,0,Whole Milk,Dairy,L,17.99,0.0,1.67,0.0,60.0,7,True,1.6,2.51,2.6371428571428575
2026-04-17,4,4,0,Whole Milk,Dairy,L,14.9,0.0,3.09,0.0,60.0,7,True,1.67,3.14,2.5171428571428573
2026-04-18,5,4,1,Whole Milk,Dairy,L,12.04,0.0,2.86,0.0,60.0,7,True,3.09,3.65,2.5100000000000002
2026-04-19,6,4,1,Whole Milk,Dairy,L,8.51,0.0,3.53,0.0,60.0,7,True,2.86,3.14,2.3971428571428572
2026-04-20,0,4,0,Whole Milk,Dairy,L,14.81,8.24,1.94,0.0,60.0,7,True,3.53,2.09,2.4528571428571424
2026-04-21,1,4,0,Whole Milk,Dairy,L,21.32,8.29,1.77,0.0,60.0,7,True,1.94,2.33,2.4314285714285715
2026-04-22,2,4,0,Whole Milk,Dairy,L,18.58,0.0,2.74,0.0,60.0,7,True,1.77,1.6,2.3514285714285714
2026-04-23,3,4,0,Whole Milk,Dairy,L,16.4,0.0,2.17,0.0,60.0,7,True,2.74,1.67,2.514285714285714
2026-04-24,4,4,0,Whole Milk,Dairy,L,21.58,8.59,3.41,0.0,60.0,7,True,2.17,3.09,2.5857142857142854
2026-04-25,5,4,1,Whole Milk,Dairy,L,18.93,0.0,2.65,0.0,60.0,7,True,3.41,2.86,2.6314285714285712
2026-04-26,6,4,1,Whole Milk,Dairy,L,28.46,12.63,3.1,0.0,60.0,7,True,2.65,3.53,2.6014285714285714
2026-04-27,0,4,0,Whole Milk,Dairy,L,26.17,0.0,2.29,0.0,60.0,7,True,3.1,1.94,2.54
2026-04-28,1,4,0,Whole Milk,Dairy,L,24.31,0.0,1.86,0.0,60.0,7,True,2.29,1.77,2.59
2026-04-29,2,4,0,Whole Milk,Dairy,L,21.93,0.0,2.38,0.0,60.0,7,True,1.86,2.74,2.6028571428571428
2026-04-30,3,4,0,Whole Milk,Dairy,L,19.88,0.0,2.05,0.0,60.0,7,True,2.38,2.17,2.551428571428571
2026-05-01,4,5,0,Whole Milk,Dairy,L,25.67,9.01,3.23,0.0,60.0,7,True,2.05,3.41,2.5342857142857143
2026-05-02,5,5,1,Whole Milk,Dairy,L,37.1,14.5,3.07,0.0,60.0,7,True,3.23,2.65,2.5085714285714285
2026-05-03,6,5,1,Whole Milk,Dairy,L,32.78,0.0,4.31,0.0,60.0,7,True,3.07,3.1,2.5685714285714285
2026-05-04,0,5,0,Whole Milk,Dairy,L,30.54,0.0,2.25,0.0,60.0,7,True,4.31,2.29,2.741428571428571
2026-05-05,1,5,0,Whole Milk,Dairy,L,28.65,0.0,1.89,0.0,60.0,7,True,2.25,1.86,2.7357142857142853
2026-05-06,2,5,0,Whole Milk,Dairy,L,37.28,11.16,2.53,0.0,60.0,7,True,1.89,2.38,2.7399999999999998
2026-05-07,3,5,0,Whole Milk,Dairy,L,35.44,0.0,1.84,0.0,60.0,7,True,2.53,2.05,2.761428571428571
2026-05-08,4,5,0,Whole Milk,Dairy,L,31.96,0.0,3.48,0.0,60.0,7,True,1.84,3.23,2.7314285714285718
2026-05-09,5,5,1,Whole Milk,Dairy,L,29.58,0.0,2.38,0.0,60.0,7,True,3.48,3.07,2.7671428571428573
2026-05-10,6,5,1,Whole Milk,Dairy,L,33.54,6.66,2.7,0.0,60.0,7,True,2.38,4.31,2.6685714285714286
2026-05-11,0,5,0,Whole Milk,Dairy,L,31.22,0.0,2.32,0.0,60.0,7,True,2.7,2.25,2.4385714285714286
2026-05-12,1,5,0,Whole Milk,Dairy,L,28.72,0.0,2.5,0.0,60.0,7,True,2.32,1.89,2.448571428571429
2026-05-13,2,5,0,Whole Milk,Dairy,L,26.41,0.0,2.31,0.0,60.0,7,True,2.5,2.53,2.5357142857142856
2026-05-14,3,5,0,Whole Milk,Dairy,L,24.2,0.0,2.21,0.0,60.0,7,True,2.31,1.84,2.5042857142857144
2026-05-15,4,5,0,Whole Milk,Dairy,L,19.96,0.0,3.22,1.02,60.0,7,True,2.21,3.48,2.557142857142857
2026-05-16,5,5,1,Whole Milk,Dairy,L,17.33,0.0,2.63,0.0,60.0,7,True,3.22,2.38,2.52
2026-05-17,6,5,1,Whole Milk,Dairy,L,14.32,0.0,3.01,0.0,60.0,7,True,2.63,2.7,2.5557142857142856
2026-05-18,0,5,0,Whole Milk,Dairy,L,22.28,10.05,2.09,0.0,60.0,7,True,3.01,2.32,2.6
2026-05-19,1,5,0,Whole Milk,Dairy,L,19.68,0.0,2.61,0.0,60.0,7,True,2.09,2.5,2.567142857142857
2026-05-20,2,5,0,Whole Milk,Dairy,L,17.31,0.0,2.37,0.0,60.0,7,True,2.61,2.31,2.5828571428571427
2026-05-21,3,5,0,Whole Milk,Dairy,L,29.89,14.24,1.65,0.0,60.0,7,True,2.37,2.21,2.5914285714285716
2026-05-22,4,5,0,Whole Milk,Dairy,L,26.35,0.0,3.54,0.0,60.0,7,True,1.65,3.22,2.511428571428571
2026-05-23,5,5,1,Whole Milk,Dairy,L,23.17,0.0,3.18,0.0,60.0,7,True,3.54,2.63,2.557142857142857
2026-05-24,6,5,1,Whole Milk,Dairy,L,20.14,0.0,3.03,0.0,60.0,7,True,3.18,3.01,2.6357142857142857
2026-05-25,0,5,0,Whole Milk,Dairy,L,17.68,0.0,2.46,0.0,60.0,7,True,3.03,2.09,2.6385714285714283
2026-05-26,1,5,0,Whole Milk,Dairy,L,23.19,9.09,2.6,0.98,60.0,7,True,2.46,2.61,2.6914285714285713
2026-05-27,2,5,0,Whole Milk,Dairy,L,20.63,0.0,2.56,0.0,60.0,7,True,2.6,2.37,2.69
2026-05-28,3,5,0,Whole Milk,Dairy,L,18.66,0.0,1.97,0.0,60.0,7,True,2.56,1.65,2.717142857142857
2026-05-29,4,5,0,Whole Milk,Dairy,L,15.44,0.0,3.22,0.0,60.0,7,True,1.97,3.54,2.762857142857143
2026-05-30,5,5,1,Whole Milk,Dairy,L,22.4,10.5,3.54,0.0,60.0,7,True,3.22,3.18,2.717142857142857
2026-05-31,6,5,1,Whole Milk,Dairy,L,18.53,0.0,3.87,0.0,60.0,7,True,3.54,3.03,2.7685714285714282
2026-06-01,0,6,0,Whole Milk,Dairy,L,26.85,10.41,2.09,0.0,60.0,7,True,3.87,2.46,2.8885714285714283
2026-06-02,1,6,0,Whole Milk,Dairy,L,24.67,0.0,2.19,0.0,60.0,7,True,2.09,2.6,2.835714285714286
2026-06-03,2,6,0,Whole Milk,Dairy,L,22.79,0.0,1.88,0.0,60.0,7,True,2.19,2.56,2.777142857142857
2026-06-04,3,6,0,Whole Milk,Dairy,L,20.94,0.0,1.85,0.0,60.0,7,True,1.88,1.97,2.68
2026-06-05,4,6,0,Whole Milk,Dairy,L,26.13,8.98,3.79,0.0,60.0,7,True,1.85,3.22,2.662857142857143
2026-06-06,5,6,1,Whole Milk,Dairy,L,22.07,0.0,4.06,0.0,60.0,7,True,3.79,3.54,2.744285714285714
2026-06-07,6,6,1,Whole Milk,Dairy,L,18.73,0.0,3.34,0.0,60.0,7,True,4.06,3.87,2.8185714285714285
2026-06-08,0,6,0,Whole Milk,Dairy,L,25.35,9.21,2.59,0.0,60.0,7,True,3.34,2.09,2.742857142857143
2026-06-09,1,6,0,Whole Milk,Dairy,L,31.16,8.18,2.37,0.0,60.0,7,True,2.59,2.19,2.814285714285714
2026-06-10,2,6,0,Whole Milk,Dairy,L,29.13,0.0,2.03,0.0,60.0,7,True,2.37,1.88,2.84
2026-06-11,3,6,0,Whole Milk,Dairy,L,26.75,0.0,2.37,0.0,60.0,7,True,2.03,1.85,2.861428571428571
2026-06-12,4,6,0,Whole Milk,Dairy,L,30.93,8.33,4.15,0.0,60.0,7,True,2.37,3.79,2.935714285714286
2026-06-13,5,6,1,Whole Milk,Dairy,L,34.98,7.41,3.36,0.0,60.0,7,True,4.15,4.06,2.9871428571428567
2026-06-14,6,6,1,Whole Milk,Dairy,L,30.82,0.0,4.17,0.0,60.0,7,True,3.36,3.34,2.8871428571428575
2026-06-15,0,6,0,Whole Milk,Dairy,L,29.45,0.0,1.37,0.0,60.0,7,True,4.17,2.59,3.005714285714286
2026-06-16,1,6,0,Whole Milk,Dairy,L,34.02,7.1,2.53,0.0,60.0,7,True,1.37,2.37,2.8314285714285714
2026-06-17,2,6,0,Whole Milk,Dairy,L,31.74,0.0,2.28,0.0,60.0,7,True,2.53,2.03,2.8542857142857136
2026-06-18,3,6,0,Whole Milk,Dairy,L,29.59,0.0,2.15,0.0,60.0,7,True,2.28,2.37,2.89
2026-06-19,4,6,0,Whole Milk,Dairy,L,26.17,0.0,3.42,0.0,60.0,7,True,2.15,4.15,2.858571428571428
2026-06-20,5,6,1,Whole Milk,Dairy,L,23.8,0.0,2.37,0.0,60.0,7,True,3.42,3.36,2.754285714285714
2026-06-21,6,6,1,Whole Milk,Dairy,L,20.54,0.0,3.26,0.0,60.0,7,True,2.37,4.17,2.6128571428571425
2026-06-22,0,6,0,Whole Milk,Dairy,L,28.34,10.18,2.37,0.0,60.0,7,True,3.26,1.37,2.4828571428571427
2026-06-23,1,6,0,Whole Milk,Dairy,L,25.6,0.0,2.75,0.0,60.0,7,True,2.37,2.53,2.6257142857142854
2026-06-24,2,6,0,Whole Milk,Dairy,L,23.52,0.0,2.08,0.0,60.0,7,True,2.75,2.28,2.657142857142857
2026-06-25,3,6,0,Whole Milk,Dairy,L,21.54,0.0,1.98,0.0,60.0,7,True,2.08,2.15,2.628571428571429
2026-06-26,4,6,0,Whole Milk,Dairy,L,33.42,14.99,3.12,0.0,60.0,7,True,1.98,3.42,2.6042857142857145
2026-06-27,5,6,1,Whole Milk,Dairy,L,29.58,0.0,3.84,0.0,60.0,7,True,3.12,2.37,2.5614285714285714
2026-06-28,6,6,1,Whole Milk,Dairy,L,26.04,0.0,3.54,0.0,60.0,7,True,3.84,3.26,2.7714285714285714
2026-06-29,0,6,0,Whole Milk,Dairy,L,23.97,0.0,2.07,0.0,60.0,7,True,3.54,2.37,2.8114285714285714
2026-06-30,1,6,0,Whole Milk,Dairy,L,21.54,0.0,2.42,0.0,60.0,7,True,2.07,2.75,2.768571428571429
2026-07-01,2,7,0,Whole Milk,Dairy,L,19.26,0.0,2.28,0.0,60.0,7,True,2.42,2.08,2.7214285714285715
2026-07-02,3,7,0,Whole Milk,Dairy,L,16.68,0.0,2.58,0.0,60.0,7,True,2.28,1.98,2.75
2026-07-03,4,7,0,Whole Milk,Dairy,L,13.66,0.0,3.02,0.0,60.0,7,True,2.58,3.12,2.8357142857142854
2026-07-04,5,7,1,Whole Milk,Dairy,L,10.45,0.0,3.21,0.0,60.0,7,True,3.02,3.84,2.8214285714285707
2026-07-05,6,7,1,Whole Milk,Dairy,L,7.28,0.0,3.18,0.0,60.0,7,True,3.21,3.54,2.7314285714285718
2026-07-06,0,7,0,Whole Milk,Dairy,L,14.37,8.85,1.76,0.0,60.0,7,True,3.18,2.07,2.68
2026-07-07,1,7,0,Whole Milk,Dairy,L,12.02,0.0,2.35,0.0,60.0,7,True,1.76,2.42,2.6357142857142857
2026-07-08,2,7,0,Whole Milk,Dairy,L,9.68,0.0,2.34,0.0,60.0,7,True,2.35,2.28,2.6257142857142854
2026-07-09,3,7,0,Whole Milk,Dairy,L,7.43,0.0,2.25,0.0,60.0,7,True,2.34,2.58,2.6342857142857143
2026-07-10,4,7,0,Whole Milk,Dairy,L,4.17,0.0,3.26,0.0,60.0,7,True,2.25,3.02,2.587142857142857
2026-07-11,5,7,1,Whole Milk,Dairy,L,1.51,0.0,2.66,0.0,60.0,7,True,3.26,3.21,2.6214285714285714
2026-07-12,6,7,1,Whole Milk,Dairy,L,6.23,7.88,3.16,0.0,60.0,7,True,2.66,3.18,2.542857142857143
2026-07-13,0,7,0,Whole Milk,Dairy,L,4.09,0.0,2.13,0.0,60.0,7,True,3.16,1.76,2.54
2026-07-14,1,7,0,Whole Milk,Dairy,L,16.15,14.04,1.98,0.0,60.0,7,True,2.13,2.35,2.5928571428571425
2026-07-15,2,7,0,Whole Milk,Dairy,L,13.96,0.0,2.2,0.0,60.0,7,True,1.98,2.34,2.54
2026-07-16,3,7,0,Whole Milk,Dairy,L,11.57,0.0,2.39,0.0,60.0,7,True,2.2,2.25,2.52
2026-07-17,4,7,0,Whole Milk,Dairy,L,7.24,0.0,4.33,0.0,60.0,7,True,2.39,3.26,2.54
2026-07-18,5,7,1,Whole Milk,Dairy,L,16.29,12.52,3.46,0.0,60.0,7,True,4.33,2.66,2.692857142857143
2026-07-19,6,7,1,Whole Milk,Dairy,L,12.79,0.0,3.51,0.0,60.0,7,True,3.46,3.16,2.807142857142857
2026-07-20,0,7,0,Whole Milk,Dairy,L,10.56,0.0,2.22,0.0,60.0,7,True,3.51,2.13,2.857142857142857
2026-07-21,1,7,0,Whole Milk,Dairy,L,8.96,0.0,1.6,0.0,60.0,7,True,2.22,1.98,2.87
2026-07-22,2,7,0,Whole Milk,Dairy,L,6.72,0.0,2.24,0.0,60.0,7,True,1.6,2.2,2.815714285714286
2026-07-23,3,7,0,Whole Milk,Dairy,L,4.45,0.0,2.27,0.0,60.0,7,True,2.24,2.39,2.8214285714285716
2026-07-24,4,7,0,Whole Milk,Dairy,L,7.94,8.12,4.62,0.0,60.0,7,True,2.27,4.33,2.8042857142857147
2026-07-25,5,7,1,Whole Milk,Dairy,L,4.67,0.0,3.28,0.0,60.0,7,True,4.62,3.46,2.845714285714286
2026-07-26,6,7,1,Whole Milk,Dairy,L,15.08,13.94,3.53,0.0,60.0,7,True,3.28,3.51,2.82
2026-07-27,0,7,0,Whole Milk,Dairy,L,26.39,13.55,2.24,0.0,60.0,7,True,3.53,2.22,2.822857142857143
2026-07-28,1,7,0,Whole Milk,Dairy,L,24.53,0.0,1.86,0.0,60.0,7,True,2.24,1.6,2.825714285714286
2026-07-29,2,7,0,Whole Milk,Dairy,L,20.99,0.0,2.64,0.91,60.0,7,True,1.86,2.24,2.8628571428571425
2026-07-30,3,7,0,Whole Milk,Dairy,L,18.48,0.0,2.5,0.0,60.0,7,True,2.64,2.27,2.9199999999999995
2026-07-31,4,7,0,Whole Milk,Dairy,L,14.71,0.0,3.78,0.0,60.0,7,True,2.5,4.62,2.9528571428571424
2026-08-01,5,8,1,Whole Milk,Dairy,L,18.98,7.19,2.91,0.0,60.0,7,True,3.78,3.28,2.8328571428571427
2026-08-02,6,8,1,Whole Milk,Dairy,L,14.9,0.0,4.09,0.0,60.0,7,True,2.91,3.53,2.7800000000000002
2026-08-03,0,8,0,Whole Milk,Dairy,L,13.12,0.0,1.78,0.0,60.0,7,True,4.09,2.24,2.86
2026-08-04,1,8,0,Whole Milk,Dairy,L,10.67,0.0,2.45,0.0,60.0,7,True,1.78,1.86,2.7942857142857145
2026-08-05,2,8,0,Whole Milk,Dairy,L,7.68,0.0,2.99,0.0,60.0,7,True,2.45,2.64,2.878571428571429
2026-08-06,3,8,0,Whole Milk,Dairy,L,5.77,0.0,1.92,0.0,60.0,7,True,2.99,2.5,2.9285714285714284
2026-08-07,4,8,0,Whole Milk,Dairy,L,2.68,0.0,3.09,0.0,60.0,7,True,1.92,3.78,2.845714285714286
2026-08-08,5,8,1,Whole Milk,Dairy,L,5.53,6.28,3.43,0.0,60.0,7,True,3.09,2.91,2.7471428571428573
2026-08-09,6,8,1,Whole Milk,Dairy,L,2.41,0.0,3.12,0.0,60.0,7,True,3.43,4.09,2.8214285714285716
2026-08-10,0,8,0,Whole Milk,Dairy,L,13.42,12.74,1.73,0.0,60.0,7,True,3.12,1.78,2.682857142857143
2026-08-11,1,8,0,Whole Milk,Dairy,L,10.87,0.0,2.27,0.28,60.0,7,True,1.73,2.45,2.6757142857142857
2026-08-12,2,8,0,Whole Milk,Dairy,L,8.98,0.0,1.89,0.0,60.0,7,True,2.27,2.99,2.65
2026-08-13,3,8,0,Whole Milk,Dairy,L,6.57,0.0,2.41,0.0,60.0,7,True,1.89,1.92,2.492857142857143
2026-08-14,4,8,0,Whole Milk,Dairy,L,3.66,0.0,2.91,0.0,60.0,7,True,2.41,3.09,2.562857142857143
2026-08-15,5,8,1,Whole Milk,Dairy,L,6.86,7.37,4.16,0.0,60.0,7,True,2.91,3.43,2.5371428571428574
2026-08-16,6,8,1,Whole Milk,Dairy,L,3.88,0.0,2.98,0.0,60.0,7,True,4.16,3.12,2.641428571428572
2026-08-17,0,8,0,Whole Milk,Dairy,L,1.74,0.0,2.14,0.0,60.0,7,True,2.98,1.73,2.6214285714285714
2026-08-18,1,8,0,Whole Milk,Dairy,L,7.31,8.09,2.52,0.0,60.0,7,True,2.14,2.27,2.6799999999999997
2026-08-19,2,8,0,Whole Milk,Dairy,L,18.55,13.08,1.83,0.0,60.0,7,True,2.52,1.89,2.7157142857142857
2026-08-20,3,8,0,Whole Milk,Dairy,L,16.22,0.0,2.33,0.0,60.0,7,True,1.83,2.41,2.707142857142857
2026-08-21,4,8,0,Whole Milk,Dairy,L,26.57,14.39,4.04,0.0,60.0,7,True,2.33,2.91,2.6957142857142857
2026-08-22,5,8,1,Whole Milk,Dairy,L,24.01,0.0,2.56,0.0,60.0,7,True,4.04,4.16,2.857142857142857
2026-08-23,6,8,1,Whole Milk,Dairy,L,19.43,0.0,3.47,1.11,60.0,7,True,2.56,2.98,2.6285714285714286
2026-08-24,0,8,0,Whole Milk,Dairy,L,17.09,0.0,2.34,0.0,60.0,7,True,3.47,2.14,2.698571428571429
2026-08-25,1,8,0,Whole Milk,Dairy,L,14.58,0.0,2.51,0.0,60.0,7,True,2.34,2.52,2.7271428571428573
2026-08-26,2,8,0,Whole Milk,Dairy,L,12.75,0.0,1.83,0.0,60.0,7,True,2.51,1.83,2.725714285714286
2026-08-27,3,8,0,Whole Milk,Dairy,L,10.94,0.0,1.8,0.0,60.0,7,True,1.83,2.33,2.7257142857142855
2026-08-28,4,8,0,Whole Milk,Dairy,L,7.3,0.0,3.64,0.0,60.0,7,True,1.8,4.04,2.65
2026-08-29,5,8,1,Whole Milk,Dairy,L,17.17,13.4,3.53,0.0,60.0,7,True,3.64,2.56,2.5928571428571425
2026-08-30,6,8,1,Whole Milk,Dairy,L,13.67,0.0,3.5,0.0,60.0,7,True,3.53,3.47,2.7314285714285718
2026-08-31,0,8,0,Whole Milk,Dairy,L,17.76,6.46,2.37,0.0,60.0,7,True,3.5,2.34,2.735714285714286
2026-09-01,1,9,0,Whole Milk,Dairy,L,15.74,0.0,2.02,0.0,60.0,7,True,2.37,2.51,2.7399999999999998
2026-09-02,2,9,0,Whole Milk,Dairy,L,13.41,0.0,2.33,0.0,60.0,7,True,2.02,1.83,2.6699999999999995
2026-09-03,3,9,0,Whole Milk,Dairy,L,11.06,0.0,2.35,0.0,60.0,7,True,2.33,1.8,2.7414285714285715
2026-09-04,4,9,0,Whole Milk,Dairy,L,8.05,0.0,3.01,0.0,60.0,7,True,2.35,3.64,2.8200000000000003
2026-09-05,5,9,1,Whole Milk,Dairy,L,3.73,0.0,4.32,0.0,60.0,7,True,3.01,3.53,2.73
2026-09-06,6,9,1,Whole Milk,Dairy,L,14.86,14.74,3.61,0.0,60.0,7,True,4.32,3.5,2.8428571428571425
2026-09-07,0,9,0,Whole Milk,Dairy,L,13.01,0.0,1.85,0.0,60.0,7,True,3.61,2.37,2.858571428571429
2026-09-08,1,9,0,Whole Milk,Dairy,L,20.59,10.05,2.47,0.0,60.0,7,True,1.85,2.02,2.7842857142857143
2026-09-09,2,9,0,Whole Milk,Dairy,L,18.67,0.0,1.92,0.0,60.0,7,True,2.47,2.33,2.8485714285714288
2026-09-10,3,9,0,Whole Milk,Dairy,L,16.15,0.0,2.52,0.0,60.0,7,True,1.92,2.35,2.7899999999999996
2026-09-11,4,9,0,Whole Milk,Dairy,L,12.19,0.0,3.96,0.0,60.0,7,True,2.52,3.01,2.814285714285714
2026-09-12,5,9,1,Whole Milk,Dairy,L,8.11,0.0,2.96,1.12,60.0,7,True,3.96,4.32,2.9499999999999997
2026-09-13,6,9,1,Whole Milk,Dairy,L,4.25,0.0,3.86,0.0,60.0,7,True,2.96,3.61,2.755714285714286
2026-09-14,0,9,0,Whole Milk,Dairy,L,1.86,0.0,2.39,0.0,60.0,7,True,3.86,1.85,2.7914285714285714
2026-09-15,1,9,0,Whole Milk,Dairy,L,8.77,9.44,2.53,0.0,60.0,7,True,2.39,2.47,2.8685714285714283
2026-09-16,2,9,0,Whole Milk,Dairy,L,5.88,0.0,2.89,0.0,60.0,7,True,2.53,1.92,2.8771428571428572
2026-09-17,3,9,0,Whole Milk,Dairy,L,3.71,0.0,2.17,0.0,60.0,7,True,2.89,2.52,3.0157142857142856
2026-09-18,4,9,0,Whole Milk,Dairy,L,13.27,12.55,2.99,0.0,60.0,7,True,2.17,3.96,2.9657142857142853
2026-09-19,5,9,1,Whole Milk,Dairy,L,10.34,0.0,2.92,0.0,60.0,7,True,2.99,2.96,2.827142857142857
2026-09-20,6,9,1,Whole Milk,Dairy,L,7.38,0.0,2.96,0.0,60.0,7,True,2.92,3.86,2.8214285714285716
2026-09-21,0,9,0,Whole Milk,Dairy,L,15.09,9.93,2.22,0.0,60.0,7,True,2.96,2.39,2.692857142857143
2026-09-22,1,9,0,Whole Milk,Dairy,L,12.72,0.0,2.37,0.0,60.0,7,True,2.22,2.53,2.6685714285714286
2026-09-23,2,9,0,Whole Milk,Dairy,L,10.38,0.0,2.34,0.0,60.0,7,True,2.37,2.89,2.6457142857142864
2026-09-24,3,9,0,Whole Milk,Dairy,L,7.38,0.0,2.53,0.47,60.0,7,True,2.34,2.17,2.5671428571428576
2026-09-25,4,9,0,Whole Milk,Dairy,L,4.0,0.0,3.38,0.0,60.0,7,True,2.53,2.99,2.6185714285714283
2026-09-26,5,9,1,Whole Milk,Dairy,L,11.86,11.98,4.11,0.0,60.0,7,True,3.38,2.92,2.674285714285714
2026-09-27,6,9,1,Whole Milk,Dairy,L,8.62,0.0,3.24,0.0,60.0,7,True,4.11,2.96,2.8442857142857143
2026-09-28,0,9,0,Whole Milk,Dairy,L,5.45,0.0,3.17,0.0,60.0,7,True,3.24,2.22,2.8842857142857143
2026-09-29,1,9,0,Whole Milk,Dairy,L,2.99,0.0,2.46,0.0,60.0,7,True,3.17,2.37,3.02
2026-04-02,3,4,0,Greek Yogurt,Dairy,kg,7.82,5.16,0.94,0.0,180.0,10,True,1.319281767955801,1.319281767955801,1.319281767955801
2026-04-03,4,4,0,Greek Yogurt,Dairy,kg,6.46,0.0,1.36,0.0,180.0,10,True,0.94,1.319281767955801,0.94
2026-04-04,5,4,1,Greek Yogurt,Dairy,kg,4.73,0.0,1.74,0.0,180.0,10,True,1.36,1.319281767955801,1.15
2026-04-05,6,4,1,Greek Yogurt,Dairy,kg,6.73,3.84,1.57,0.27,180.0,10,True,1.74,1.319281767955801,1.3466666666666667
2026-04-06,0,4,0,Greek Yogurt,Dairy,kg,5.53,0.0,1.2,0.0,180.0,10,True,1.57,1.319281767955801,1.4025
2026-04-07,1,4,0,Greek Yogurt,Dairy,kg,9.12,4.74,1.16,0.0,180.0,10,True,1.2,1.319281767955801,1.362
2026-04-08,2,4,0,Greek Yogurt,Dairy,kg,13.97,5.92,1.07,0.0,180.0,10,True,1.16,1.319281767955801,1.3283333333333334
2026-04-09,3,4,0,Greek Yogurt,Dairy,kg,18.47,5.76,0.94,0.31,180.0,10,True,1.07,0.94,1.2914285714285714
2026-04-10,4,4,0,Greek Yogurt,Dairy,kg,17.22,0.0,1.25,0.0,180.0,10,True,0.94,1.36,1.2914285714285716
2026-04-11,5,4,1,Greek Yogurt,Dairy,kg,15.71,0.0,1.51,0.0,180.0,10,True,1.25,1.74,1.2757142857142856
2026-04-12,6,4,1,Greek Yogurt,Dairy,kg,13.88,0.0,1.83,0.0,180.0,10,True,1.51,1.57,1.2428571428571427
2026-04-13,0,4,0,Greek Yogurt,Dairy,kg,16.82,4.05,1.11,0.0,180.0,10,True,1.83,1.2,1.2799999999999998
2026-04-14,1,4,0,Greek Yogurt,Dairy,kg,15.94,0.0,0.88,0.0,180.0,10,True,1.11,1.16,1.2671428571428573
2026-04-15,2,4,0,Greek Yogurt,Dairy,kg,14.83,0.0,1.11,0.0,180.0,10,True,0.88,1.07,1.227142857142857
2026-04-16,3,4,0,Greek Yogurt,Dairy,kg,13.69,0.0,1.14,0.0,180.0,10,True,1.11,0.94,1.2328571428571429
2026-04-17,4,4,0,Greek Yogurt,Dairy,kg,12.28,0.0,1.41,0.0,180.0,10,True,1.14,1.25,1.2614285714285713
2026-04-18,5,4,1,Greek Yogurt,Dairy,kg,10.62,0.0,1.66,0.0,180.0,10,True,1.41,1.51,1.2842857142857143
2026-04-19,6,4,1,Greek Yogurt,Dairy,kg,8.99,0.0,1.63,0.0,180.0,10,True,1.66,1.83,1.3057142857142858
2026-04-20,0,4,0,Greek Yogurt,Dairy,kg,8.1,0.0,0.89,0.0,180.0,10,True,1.63,1.11,1.2771428571428571
2026-04-21,1,4,0,Greek Yogurt,Dairy,kg,6.96,0.0,1.14,0.0,180.0,10,True,0.89,0.88,1.2457142857142858
2026-04-22,2,4,0,Greek Yogurt,Dairy,kg,11.46,5.68,1.17,0.0,180.0,10,True,1.14,1.11,1.282857142857143
2026-04-23,3,4,0,Greek Yogurt,Dairy,kg,10.21,0.0,1.26,0.0,180.0,10,True,1.17,1.14,1.2914285714285714
2026-04-24,4,4,0,Greek Yogurt,Dairy,kg,8.33,0.0,1.88,0.0,180.0,10,True,1.26,1.41,1.3085714285714285
2026-04-25,5,4,1,Greek Yogurt,Dairy,kg,7.05,0.0,1.29,0.0,180.0,10,True,1.88,1.66,1.3757142857142857
2026-04-26,6,4,1,Greek Yogurt,Dairy,kg,5.66,0.0,1.39,0.0,180.0,10,True,1.29,1.63,1.3228571428571427
2026-04-27,0,4,0,Greek Yogurt,Dairy,kg,8.46,3.97,1.16,0.0,180.0,10,True,1.39,0.89,1.2885714285714285
2026-04-28,1,4,0,Greek Yogurt,Dairy,kg,7.3,0.0,1.16,0.0,180.0,10,True,1.16,1.14,1.327142857142857
2026-04-29,2,4,0,Greek Yogurt,Dairy,kg,6.14,0.0,1.16,0.0,180.0,10,True,1.16,1.17,1.3299999999999998
2026-04-30,3,4,0,Greek Yogurt,Dairy,kg,4.43,0.0,1.7,0.0,180.0,10,True,1.16,1.26,1.3285714285714287
2026-05-01,4,5,0,Greek Yogurt,Dairy,kg,2.67,0.0,1.76,0.0,180.0,10,True,1.7,1.88,1.3914285714285712
2026-05-02,5,5,1,Greek Yogurt,Dairy,kg,6.23,5.45,1.9,0.0,180.0,10,True,1.76,1.29,1.374285714285714
2026-05-03,6,5,1,Greek Yogurt,Dairy,kg,4.38,0.0,1.85,0.0,180.0,10,True,1.9,1.39,1.4614285714285713
2026-05-04,0,5,0,Greek Yogurt,Dairy,kg,2.95,0.0,1.19,0.24,180.0,10,True,1.85,1.16,1.5271428571428571
2026-05-05,1,5,0,Greek Yogurt,Dairy,kg,1.92,0.0,1.03,0.0,180.0,10,True,1.19,1.16,1.5314285714285716
2026-05-06,2,5,0,Greek Yogurt,Dairy,kg,0.72,0.0,1.2,0.0,180.0,10,True,1.03,1.16,1.512857142857143
2026-05-07,3,5,0,Greek Yogurt,Dairy,kg,5.91,6.14,0.95,0.0,180.0,10,True,1.2,1.7,1.5185714285714285
2026-05-08,4,5,0,Greek Yogurt,Dairy,kg,4.34,0.0,1.56,0.0,180.0,10,True,0.95,1.76,1.4114285714285715
2026-05-09,5,5,1,Greek Yogurt,Dairy,kg,7.37,4.83,1.5,0.3,180.0,10,True,1.56,1.9,1.3828571428571428
2026-05-10,6,5,1,Greek Yogurt,Dairy,kg,5.73,0.0,1.64,0.0,180.0,10,True,1.5,1.85,1.3257142857142858
2026-05-11,0,5,0,Greek Yogurt,Dairy,kg,9.24,4.96,1.45,0.0,180.0,10,True,1.64,1.19,1.2957142857142858
2026-05-12,1,5,0,Greek Yogurt,Dairy,kg,8.29,0.0,0.78,0.17,180.0,10,True,1.45,1.03,1.332857142857143
2026-05-13,2,5,0,Greek Yogurt,Dairy,kg,6.75,0.0,1.19,0.35,180.0,10,True,0.78,1.2,1.2971428571428572
2026-05-14,3,5,0,Greek Yogurt,Dairy,kg,10.87,4.94,0.82,0.0,180.0,10,True,1.19,0.95,1.2957142857142858
2026-05-15,4,5,0,Greek Yogurt,Dairy,kg,9.37,0.0,1.51,0.0,180.0,10,True,0.82,1.56,1.2771428571428571
2026-05-16,5,5,1,Greek Yogurt,Dairy,kg,7.48,0.0,1.88,0.0,180.0,10,True,1.51,1.5,1.27
2026-05-17,6,5,1,Greek Yogurt,Dairy,kg,5.85,0.0,1.64,0.0,180.0,10,True,1.88,1.64,1.3242857142857143
2026-05-18,0,5,0,Greek Yogurt,Dairy,kg,4.94,0.0,0.91,0.0,180.0,10,True,1.64,1.45,1.3242857142857143
2026-05-19,1,5,0,Greek Yogurt,Dairy,kg,7.06,3.08,0.96,0.0,180.0,10,True,0.91,0.78,1.247142857142857
2026-05-20,2,5,0,Greek Yogurt,Dairy,kg,5.87,0.0,1.19,0.0,180.0,10,True,0.96,1.19,1.272857142857143
2026-05-21,3,5,0,Greek Yogurt,Dairy,kg,4.91,0.0,0.96,0.0,180.0,10,True,1.19,0.82,1.272857142857143
2026-05-22,4,5,0,Greek Yogurt,Dairy,kg,3.23,0.0,1.67,0.0,180.0,10,True,0.96,1.51,1.2928571428571427
2026-05-23,5,5,1,Greek Yogurt,Dairy,kg,1.6,0.0,1.63,0.0,180.0,10,True,1.67,1.88,1.3157142857142856
2026-05-24,6,5,1,Greek Yogurt,Dairy,kg,3.23,3.09,1.46,0.0,180.0,10,True,1.63,1.64,1.2799999999999998
2026-05-25,0,5,0,Greek Yogurt,Dairy,kg,7.61,5.81,1.43,0.0,180.0,10,True,1.46,0.91,1.2542857142857142
2026-05-26,1,5,0,Greek Yogurt,Dairy,kg,12.37,5.94,1.18,0.0,180.0,10,True,1.43,0.96,1.3285714285714285
2026-05-27,2,5,0,Greek Yogurt,Dairy,kg,17.17,5.55,0.75,0.0,180.0,10,True,1.18,1.19,1.3599999999999999
2026-05-28,3,5,0,Greek Yogurt,Dairy,kg,22.5,6.44,1.11,0.0,180.0,10,True,0.75,0.96,1.297142857142857
2026-05-29,4,5,0,Greek Yogurt,Dairy,kg,24.14,3.11,1.46,0.0,180.0,10,True,1.11,1.67,1.3185714285714287
2026-05-30,5,5,1,Greek Yogurt,Dairy,kg,22.32,0.0,1.83,0.0,180.0,10,True,1.46,1.63,1.2885714285714285
2026-05-31,6,5,1,Greek Yogurt,Dairy,kg,20.89,0.0,1.43,0.0,180.0,10,True,1.83,1.46,1.317142857142857
2026-06-01,0,6,0,Greek Yogurt,Dairy,kg,25.73,5.9,1.06,0.0,180.0,10,True,1.43,1.43,1.312857142857143
2026-06-02,1,6,0,Greek Yogurt,Dairy,kg,30.81,6.24,1.16,0.0,180.0,10,True,1.06,1.18,1.26
2026-06-03,2,6,0,Greek Yogurt,Dairy,kg,29.59,0.0,1.22,0.0,180.0,10,True,1.16,0.75,1.2571428571428573
2026-06-04,3,6,0,Greek Yogurt,Dairy,kg,28.71,0.0,0.89,0.0,180.0,10,True,1.22,1.11,1.3242857142857143
2026-06-05,4,6,0,Greek Yogurt,Dairy,kg,27.17,0.0,1.54,0.0,180.0,10,True,0.89,1.46,1.292857142857143
2026-06-06,5,6,1,Greek Yogurt,Dairy,kg,25.66,0.0,1.5,0.0,180.0,10,True,1.54,1.83,1.304285714285714
2026-06-07,6,6,1,Greek Yogurt,Dairy,kg,24.2,0.0,1.46,0.0,180.0,10,True,1.5,1.43,1.2571428571428573
2026-06-08,0,6,0,Greek Yogurt,Dairy,kg,22.84,0.0,1.37,0.0,180.0,10,True,1.46,1.06,1.2614285714285713
2026-06-09,1,6,0,Greek Yogurt,Dairy,kg,21.69,0.0,1.15,0.0,180.0,10,True,1.37,1.16,1.3057142857142858
2026-06-10,2,6,0,Greek Yogurt,Dairy,kg,20.81,0.0,0.88,0.0,180.0,10,True,1.15,1.22,1.3042857142857145
2026-06-11,3,6,0,Greek Yogurt,Dairy,kg,19.59,0.0,1.23,0.0,180.0,10,True,0.88,0.89,1.2557142857142856
2026-06-12,4,6,0,Greek Yogurt,Dairy,kg,17.45,0.0,2.14,0.0,180.0,10,True,1.23,1.54,1.304285714285714
2026-06-13,5,6,1,Greek Yogurt,Dairy,kg,15.58,0.0,1.87,0.0,180.0,10,True,2.14,1.5,1.3900000000000001
2026-06-14,6,6,1,Greek Yogurt,Dairy,kg,14.33,0.0,1.25,0.0,180.0,10,True,1.87,1.46,1.4428571428571428
2026-06-15,0,6,0,Greek Yogurt,Dairy,kg,13.33,0.0,1.0,0.0,180.0,10,True,1.25,1.37,1.412857142857143
2026-06-16,1,6,0,Greek Yogurt,Dairy,kg,12.04,0.0,1.29,0.0,180.0,10,True,1.0,1.15,1.3599999999999999
2026-06-17,2,6,0,Greek Yogurt,Dairy,kg,17.78,6.7,0.97,0.0,180.0,10,True,1.29,0.88,1.3800000000000001
2026-06-18,3,6,0,Greek Yogurt,Dairy,kg,16.63,0.0,1.15,0.0,180.0,10,True,0.97,1.23,1.3928571428571428
2026-06-19,4,6,0,Greek Yogurt,Dairy,kg,14.18,0.0,1.81,0.64,180.0,10,True,1.15,2.14,1.3814285714285715
2026-06-20,5,6,1,Greek Yogurt,Dairy,kg,16.67,3.89,1.39,0.0,180.0,10,True,1.81,1.87,1.3342857142857143
2026-06-21,6,6,1,Greek Yogurt,Dairy,kg,15.07,0.0,1.61,0.0,180.0,10,True,1.39,1.25,1.2657142857142856
2026-06-22,0,6,0,Greek Yogurt,Dairy,kg,14.51,0.0,0.55,0.0,180.0,10,True,1.61,1.0,1.3171428571428572
2026-06-23,1,6,0,Greek Yogurt,Dairy,kg,20.58,6.98,0.91,0.0,180.0,10,True,0.55,1.29,1.252857142857143
2026-06-24,2,6,0,Greek Yogurt,Dairy,kg,19.54,0.0,1.04,0.0,180.0,10,True,0.91,0.97,1.1985714285714284
2026-06-25,3,6,0,Greek Yogurt,Dairy,kg,18.67,0.0,0.88,0.0,180.0,10,True,1.04,1.15,1.2085714285714286
2026-06-26,4,6,0,Greek Yogurt,Dairy,kg,16.65,0.0,2.02,0.0,180.0,10,True,0.88,1.81,1.1700000000000002
2026-06-27,5,6,1,Greek Yogurt,Dairy,kg,15.38,0.0,1.27,0.0,180.0,10,True,2.02,1.39,1.2
2026-06-28,6,6,1,Greek Yogurt,Dairy,kg,19.77,5.91,1.51,0.0,180.0,10,True,1.27,1.61,1.182857142857143
2026-06-29,0,6,0,Greek Yogurt,Dairy,kg,18.67,0.0,1.1,0.0,180.0,10,True,1.51,0.55,1.1685714285714286
2026-06-30,1,6,0,Greek Yogurt,Dairy,kg,17.35,0.0,1.31,0.0,180.0,10,True,1.1,0.91,1.247142857142857
2026-07-01,2,7,0,Greek Yogurt,Dairy,kg,16.51,0.0,0.85,0.0,180.0,10,True,1.31,1.04,1.3042857142857145
2026-07-02,3,7,0,Greek Yogurt,Dairy,kg,15.24,0.0,1.27,0.0,180.0,10,True,0.85,0.88,1.2771428571428571
2026-07-03,4,7,0,Greek Yogurt,Dairy,kg,13.62,0.0,1.62,0.0,180.0,10,True,1.27,2.02,1.332857142857143
2026-07-04,5,7,1,Greek Yogurt,Dairy,kg,15.74,3.5,1.38,0.0,180.0,10,True,1.62,1.27,1.2757142857142856
2026-07-05,6,7,1,Greek Yogurt,Dairy,kg,14.0,0.0,1.73,0.0,180.0,10,True,1.38,1.51,1.2914285714285714
2026-07-06,0,7,0,Greek Yogurt,Dairy,kg,17.93,5.03,1.11,0.0,180.0,10,True,1.73,1.1,1.3228571428571427
2026-07-07,1,7,0,Greek Yogurt,Dairy,kg,16.94,0.0,0.98,0.0,180.0,10,True,1.11,1.31,1.3242857142857145
2026-07-08,2,7,0,Greek Yogurt,Dairy,kg,15.85,0.0,1.09,0.0,180.0,10,True,0.98,0.85,1.2771428571428571
2026-07-09,3,7,0,Greek Yogurt,Dairy,kg,18.79,3.96,1.02,0.0,180.0,10,True,1.09,1.27,1.3114285714285714
2026-07-10,4,7,0,Greek Yogurt,Dairy,kg,22.39,5.24,1.65,0.0,180.0,10,True,1.02,1.62,1.2757142857142856
2026-07-11,5,7,1,Greek Yogurt,Dairy,kg,20.6,0.0,1.78,0.0,180.0,10,True,1.65,1.38,1.28
2026-07-12,6,7,1,Greek Yogurt,Dairy,kg,18.6,0.0,2.01,0.0,180.0,10,True,1.78,1.73,1.337142857142857
2026-07-13,0,7,0,Greek Yogurt,Dairy,kg,17.72,0.0,0.88,0.0,180.0,10,True,2.01,1.11,1.3771428571428572
2026-07-14,1,7,0,Greek Yogurt,Dairy,kg,16.29,0.0,1.43,0.0,180.0,10,True,0.88,0.98,1.3442857142857143
2026-07-15,2,7,0,Greek Yogurt,Dairy,kg,15.53,0.0,0.76,0.0,180.0,10,True,1.43,1.09,1.4085714285714286
2026-07-16,3,7,0,Greek Yogurt,Dairy,kg,17.69,3.22,1.06,0.0,180.0,10,True,0.76,1.02,1.3614285714285714
2026-07-17,4,7,0,Greek Yogurt,Dairy,kg,15.93,0.0,1.76,0.0,180.0,10,True,1.06,1.65,1.3671428571428572
2026-07-18,5,7,1,Greek Yogurt,Dairy,kg,14.24,0.0,1.69,0.0,180.0,10,True,1.76,1.78,1.3828571428571428
2026-07-19,6,7,1,Greek Yogurt,Dairy,kg,12.77,0.0,1.47,0.0,180.0,10,True,1.69,2.01,1.3699999999999999
2026-07-20,0,7,0,Greek Yogurt,Dairy,kg,17.09,5.36,1.05,0.0,180.0,10,True,1.47,0.88,1.292857142857143
2026-07-21,1,7,0,Greek Yogurt,Dairy,kg,16.09,0.0,1.0,0.0,180.0,10,True,1.05,1.43,1.317142857142857
2026-07-22,2,7,0,Greek Yogurt,Dairy,kg,15.1,0.0,0.98,0.0,180.0,10,True,1.0,0.76,1.2557142857142856
2026-07-23,3,7,0,Greek Yogurt,Dairy,kg,13.89,0.0,1.22,0.0,180.0,10,True,0.98,1.06,1.2871428571428571
2026-07-24,4,7,0,Greek Yogurt,Dairy,kg,12.18,0.0,1.71,0.0,180.0,10,True,1.22,1.76,1.31
2026-07-25,5,7,1,Greek Yogurt,Dairy,kg,10.73,0.0,1.45,0.0,180.0,10,True,1.71,1.69,1.302857142857143
2026-07-26,6,7,1,Greek Yogurt,Dairy,kg,8.89,0.0,1.84,0.0,180.0,10,True,1.45,1.47,1.2685714285714285
2026-07-27,0,7,0,Greek Yogurt,Dairy,kg,7.76,0.0,1.13,0.0,180.0,10,True,1.84,1.05,1.3214285714285714
2026-07-28,1,7,0,Greek Yogurt,Dairy,kg,6.55,0.0,1.21,0.0,180.0,10,True,1.13,1.0,1.332857142857143
2026-07-29,2,7,0,Greek Yogurt,Dairy,kg,9.25,3.89,1.18,0.0,180.0,10,True,1.21,0.98,1.3628571428571428
2026-07-30,3,7,0,Greek Yogurt,Dairy,kg,12.04,3.73,0.95,0.0,180.0,10,True,1.18,1.22,1.3914285714285712
2026-07-31,4,7,0,Greek Yogurt,Dairy,kg,15.44,4.89,1.48,0.0,180.0,10,True,0.95,1.71,1.352857142857143
2026-08-01,5,8,1,Greek Yogurt,Dairy,kg,13.64,0.0,1.8,0.0,180.0,10,True,1.48,1.45,1.32
2026-08-02,6,8,1,Greek Yogurt,Dairy,kg,11.87,0.0,1.77,0.0,180.0,10,True,1.8,1.84,1.3699999999999999
2026-08-03,0,8,0,Greek Yogurt,Dairy,kg,10.8,0.0,1.08,0.0,180.0,10,True,1.77,1.13,1.3599999999999999
2026-08-04,1,8,0,Greek Yogurt,Dairy,kg,9.7,0.0,1.1,0.0,180.0,10,True,1.08,1.21,1.3528571428571428
2026-08-05,2,8,0,Greek Yogurt,Dairy,kg,8.41,0.0,1.29,0.0,180.0,10,True,1.1,1.18,1.337142857142857
2026-08-06,3,8,0,Greek Yogurt,Dairy,kg,7.43,0.0,0.98,0.0,180.0,10,True,1.29,0.95,1.352857142857143
2026-08-07,4,8,0,Greek Yogurt,Dairy,kg,5.67,0.0,1.75,0.0,180.0,10,True,0.98,1.48,1.3571428571428572
2026-08-08,5,8,1,Greek Yogurt,Dairy,kg,4.1,0.0,1.57,0.0,180.0,10,True,1.75,1.8,1.395714285714286
2026-08-09,6,8,1,Greek Yogurt,Dairy,kg,6.23,3.7,1.57,0.0,180.0,10,True,1.57,1.77,1.362857142857143
2026-08-10,0,8,0,Greek Yogurt,Dairy,kg,4.98,0.0,1.26,0.0,180.0,10,True,1.57,1.08,1.3342857142857143
2026-08-11,1,8,0,Greek Yogurt,Dairy,kg,3.76,0.0,1.21,0.0,180.0,10,True,1.26,1.1,1.36
2026-08-12,2,8,0,Greek Yogurt,Dairy,kg,2.55,0.0,1.21,0.0,180.0,10,True,1.21,1.29,1.375714285714286
2026-08-13,3,8,0,Greek Yogurt,Dairy,kg,1.26,0.0,1.29,0.0,180.0,10,True,1.21,0.98,1.3642857142857143
2026-08-14,4,8,0,Greek Yogurt,Dairy,kg,4.71,5.07,1.63,0.0,180.0,10,True,1.29,1.75,1.4085714285714286
2026-08-15,5,8,1,Greek Yogurt,Dairy,kg,7.74,4.81,1.79,0.0,180.0,10,True,1.63,1.57,1.3914285714285715
2026-08-16,6,8,1,Greek Yogurt,Dairy,kg,6.19,0.0,1.54,0.0,180.0,10,True,1.79,1.57,1.4228571428571428
2026-08-17,0,8,0,Greek Yogurt,Dairy,kg,5.06,0.0,1.13,0.0,180.0,10,True,1.54,1.26,1.4185714285714288
2026-08-18,1,8,0,Greek Yogurt,Dairy,kg,4.0,0.0,1.06,0.0,180.0,10,True,1.13,1.21,1.4
2026-08-19,2,8,0,Greek Yogurt,Dairy,kg,2.9,0.0,1.1,0.0,180.0,10,True,1.06,1.21,1.3785714285714286
2026-08-20,3,8,0,Greek Yogurt,Dairy,kg,1.73,0.0,1.18,0.0,180.0,10,True,1.1,1.29,1.3628571428571428
2026-08-21,4,8,0,Greek Yogurt,Dairy,kg,6.48,6.18,1.42,0.0,180.0,10,True,1.18,1.63,1.3471428571428572
2026-08-22,5,8,1,Greek Yogurt,Dairy,kg,4.35,0.0,2.13,0.0,180.0,10,True,1.42,1.79,1.3171428571428572
2026-08-23,6,8,1,Greek Yogurt,Dairy,kg,8.44,5.46,1.38,0.0,180.0,10,True,2.13,1.54,1.3657142857142859
2026-08-24,0,8,0,Greek Yogurt,Dairy,kg,7.55,0.0,0.88,0.0,180.0,10,True,1.38,1.13,1.3428571428571427
2026-08-25,1,8,0,Greek Yogurt,Dairy,kg,6.29,0.0,1.27,0.0,180.0,10,True,0.88,1.06,1.3071428571428572
2026-08-26,2,8,0,Greek Yogurt,Dairy,kg,5.08,0.0,1.21,0.0,180.0,10,True,1.27,1.1,1.337142857142857
2026-08-27,3,8,0,Greek Yogurt,Dairy,kg,3.9,0.0,1.18,0.0,180.0,10,True,1.21,1.18,1.3528571428571428
2026-08-28,4,8,0,Greek Yogurt,Dairy,kg,2.12,0.0,1.77,0.0,180.0,10,True,1.18,1.42,1.352857142857143
2026-08-29,5,8,1,Greek Yogurt,Dairy,kg,6.92,6.42,1.62,0.0,180.0,10,True,1.77,2.13,1.4028571428571428
2026-08-30,6,8,1,Greek Yogurt,Dairy,kg,5.52,0.0,1.4,0.0,180.0,10,True,1.62,1.38,1.3299999999999998
2026-08-31,0,8,0,Greek Yogurt,Dairy,kg,4.43,0.0,1.09,0.0,180.0,10,True,1.4,0.88,1.332857142857143
2026-09-01,1,9,0,Greek Yogurt,Dairy,kg,3.46,0.0,0.97,0.0,180.0,10,True,1.09,1.27,1.3628571428571428
2026-09-02,2,9,0,Greek Yogurt,Dairy,kg,2.22,0.0,1.24,0.0,180.0,10,True,0.97,1.21,1.32
2026-09-03,3,9,0,Greek Yogurt,Dairy,kg,1.17,0.0,1.06,0.0,180.0,10,True,1.24,1.18,1.3242857142857145
2026-09-04,4,9,0,Greek Yogurt,Dairy,kg,3.53,3.79,1.42,0.0,180.0,10,True,1.06,1.77,1.307142857142857
2026-09-05,5,9,1,Greek Yogurt,Dairy,kg,1.99,0.0,1.54,0.0,180.0,10,True,1.42,1.62,1.2571428571428573
2026-09-06,6,9,1,Greek Yogurt,Dairy,kg,6.46,6.19,1.72,0.0,180.0,10,True,1.54,1.4,1.2457142857142856
2026-09-07,0,9,0,Greek Yogurt,Dairy,kg,5.48,0.0,0.99,0.0,180.0,10,True,1.72,1.09,1.2914285714285716
2026-09-08,1,9,0,Greek Yogurt,Dairy,kg,4.53,0.0,0.95,0.0,180.0,10,True,0.99,0.97,1.2771428571428574
2026-09-09,2,9,0,Greek Yogurt,Dairy,kg,10.5,7.09,1.12,0.0,180.0,10,True,0.95,1.24,1.2742857142857142
2026-09-10,3,9,0,Greek Yogurt,Dairy,kg,13.04,3.67,1.12,0.0,180.0,10,True,1.12,1.06,1.257142857142857
2026-09-11,4,9,0,Greek Yogurt,Dairy,kg,11.54,0.0,1.5,0.0,180.0,10,True,1.12,1.42,1.2657142857142856
2026-09-12,5,9,1,Greek Yogurt,Dairy,kg,10.04,0.0,1.51,0.0,180.0,10,True,1.5,1.54,1.2771428571428571
2026-09-13,6,9,1,Greek Yogurt,Dairy,kg,8.36,0.0,1.68,0.0,180.0,10,True,1.51,1.72,1.272857142857143
2026-09-14,0,9,0,Greek Yogurt,Dairy,kg,7.52,0.0,0.85,0.0,180.0,10,True,1.68,0.99,1.2671428571428573
2026-09-15,1,9,0,Greek Yogurt,Dairy,kg,6.67,0.0,0.85,0.0,180.0,10,True,0.85,0.95,1.247142857142857
2026-09-16,2,9,0,Greek Yogurt,Dairy,kg,5.7,0.0,0.96,0.0,180.0,10,True,0.85,1.12,1.2328571428571427
2026-09-17,3,9,0,Greek Yogurt,Dairy,kg,4.66,0.0,1.05,0.0,180.0,10,True,0.96,1.12,1.2099999999999997
2026-09-18,4,9,0,Greek Yogurt,Dairy,kg,2.96,0.0,1.7,0.0,180.0,10,True,1.05,1.5,1.2
2026-09-19,5,9,1,Greek Yogurt,Dairy,kg,7.85,6.87,1.98,0.0,180.0,10,True,1.7,1.51,1.2285714285714284
2026-09-20,6,9,1,Greek Yogurt,Dairy,kg,6.03,0.0,1.83,0.0,180.0,10,True,1.98,1.68,1.2957142857142858
2026-09-21,0,9,0,Greek Yogurt,Dairy,kg,4.97,0.0,1.05,0.0,180.0,10,True,1.83,0.85,1.3171428571428572
2026-09-22,1,9,0,Greek Yogurt,Dairy,kg,3.89,0.0,1.08,0.0,180.0,10,True,1.05,0.85,1.3457142857142856
2026-09-23,2,9,0,Greek Yogurt,Dairy,kg,2.98,0.0,0.92,0.0,180.0,10,True,1.08,0.96,1.3785714285714286
2026-09-24,3,9,0,Greek Yogurt,Dairy,kg,1.9,0.0,1.08,0.0,180.0,10,True,0.92,1.05,1.3728571428571428
2026-09-25,4,9,0,Greek Yogurt,Dairy,kg,5.82,5.47,1.55,0.0,180.0,10,True,1.08,1.7,1.3771428571428572
2026-09-26,5,9,1,Greek Yogurt,Dairy,kg,4.12,0.0,1.7,0.0,180.0,10,True,1.55,1.98,1.3557142857142856
2026-09-27,6,9,1,Greek Yogurt,Dairy,kg,2.7,0.0,1.42,0.0,180.0,10,True,1.7,1.83,1.3157142857142858
2026-09-28,0,9,0,Greek Yogurt,Dairy,kg,1.53,0.0,1.16,0.0,180.0,10,True,1.42,1.05,1.2571428571428573
2026-09-29,1,9,0,Greek Yogurt,Dairy,kg,5.12,4.91,1.33,0.0,180.0,10,True,1.16,1.08,1.272857142857143
2026-04-02,3,4,0,Cheddar Cheese,Dairy,kg,4.23,2.96,0.53,0.0,450.0,21,True,0.6504972375690607,0.6504972375690607,0.6504972375690607
2026-04-03,4,4,0,Cheddar Cheese,Dairy,kg,6.5,3.13,0.86,0.0,450.0,21,True,0.53,0.6504972375690607,0.53
2026-04-04,5,4,1,Cheddar Cheese,Dairy,kg,5.61,0.0,0.89,0.0,450.0,21,True,0.86,0.6504972375690607,0.6950000000000001
2026-04-05,6,4,1,Cheddar Cheese,Dairy,kg,4.85,0.0,0.76,0.0,450.0,21,True,0.89,0.6504972375690607,0.7600000000000001
2026-04-06,0,4,0,Cheddar Cheese,Dairy,kg,4.29,0.0,0.56,0.0,450.0,21,True,0.76,0.6504972375690607,0.76
2026-04-07,1,4,0,Cheddar Cheese,Dairy,kg,3.75,0.0,0.54,0.0,450.0,21,True,0.56,0.6504972375690607,0.72
2026-04-08,2,4,0,Cheddar Cheese,Dairy,kg,5.76,2.55,0.55,0.0,450.0,21,True,0.54,0.6504972375690607,0.6900000000000001
2026-04-09,3,4,0,Cheddar Cheese,Dairy,kg,5.28,0.0,0.48,0.0,450.0,21,True,0.55,0.53,0.67
2026-04-10,4,4,0,Cheddar Cheese,Dairy,kg,4.47,0.0,0.81,0.0,450.0,21,True,0.48,0.86,0.6628571428571428
2026-04-11,5,4,1,Cheddar Cheese,Dairy,kg,3.6,0.0,0.87,0.0,450.0,21,True,0.81,0.89,0.6557142857142857
2026-04-12,6,4,1,Cheddar Cheese,Dairy,kg,2.61,0.0,0.99,0.0,450.0,21,True,0.87,0.76,0.6528571428571429
2026-04-13,0,4,0,Cheddar Cheese,Dairy,kg,4.48,2.49,0.62,0.0,450.0,21,True,0.99,0.56,0.6857142857142857
2026-04-14,1,4,0,Cheddar Cheese,Dairy,kg,3.76,0.0,0.71,0.0,450.0,21,True,0.62,0.54,0.6942857142857143
2026-04-15,2,4,0,Cheddar Cheese,Dairy,kg,3.28,0.0,0.48,0.0,450.0,21,True,0.71,0.55,0.7185714285714286
2026-04-16,3,4,0,Cheddar Cheese,Dairy,kg,2.67,0.0,0.61,0.0,450.0,21,True,0.48,0.48,0.7085714285714285
2026-04-17,4,4,0,Cheddar Cheese,Dairy,kg,1.84,0.0,0.83,0.0,450.0,21,True,0.61,0.81,0.7271428571428571
2026-04-18,5,4,1,Cheddar Cheese,Dairy,kg,0.77,0.0,1.08,0.0,450.0,21,True,0.83,0.87,0.7299999999999999
2026-04-19,6,4,1,Cheddar Cheese,Dairy,kg,3.39,3.33,0.71,0.0,450.0,21,True,1.08,0.99,0.7599999999999999
2026-04-20,0,4,0,Cheddar Cheese,Dairy,kg,5.74,2.83,0.47,0.0,450.0,21,True,0.71,0.62,0.72
2026-04-21,1,4,0,Cheddar Cheese,Dairy,kg,5.25,0.0,0.49,0.0,450.0,21,True,0.47,0.71,0.6985714285714286
2026-04-22,2,4,0,Cheddar Cheese,Dairy,kg,4.88,0.0,0.37,0.0,450.0,21,True,0.49,0.48,0.6671428571428571
2026-04-23,3,4,0,Cheddar Cheese,Dairy,kg,4.38,0.0,0.5,0.0,450.0,21,True,0.37,0.61,0.6514285714285714
2026-04-24,4,4,0,Cheddar Cheese,Dairy,kg,3.66,0.0,0.72,0.0,450.0,21,True,0.5,0.83,0.6357142857142858
2026-04-25,5,4,1,Cheddar Cheese,Dairy,kg,2.84,0.0,0.83,0.0,450.0,21,True,0.72,1.08,0.62
2026-04-26,6,4,1,Cheddar Cheese,Dairy,kg,1.99,0.0,0.85,0.0,450.0,21,True,0.83,0.71,0.5842857142857143
2026-04-27,0,4,0,Cheddar Cheese,Dairy,kg,1.29,0.0,0.69,0.0,450.0,21,True,0.85,0.47,0.6042857142857142
2026-04-28,1,4,0,Cheddar Cheese,Dairy,kg,0.68,0.0,0.62,0.0,450.0,21,True,0.69,0.49,0.6357142857142858
2026-04-29,2,4,0,Cheddar Cheese,Dairy,kg,3.35,3.16,0.49,0.0,450.0,21,True,0.62,0.37,0.6542857142857142
2026-04-30,3,4,0,Cheddar Cheese,Dairy,kg,6.21,3.33,0.47,0.0,450.0,21,True,0.49,0.5,0.6714285714285714
2026-05-01,4,5,0,Cheddar Cheese,Dairy,kg,8.76,3.42,0.87,0.0,450.0,21,True,0.47,0.72,0.6671428571428571
2026-05-02,5,5,1,Cheddar Cheese,Dairy,kg,8.11,0.0,0.65,0.0,450.0,21,True,0.87,0.83,0.6885714285714285
2026-05-03,6,5,1,Cheddar Cheese,Dairy,kg,6.72,0.0,1.03,0.35,450.0,21,True,0.65,0.85,0.6628571428571428
2026-05-04,0,5,0,Cheddar Cheese,Dairy,kg,6.09,0.0,0.64,0.0,450.0,21,True,1.03,0.69,0.6885714285714286
2026-05-05,1,5,0,Cheddar Cheese,Dairy,kg,8.01,2.43,0.5,0.0,450.0,21,True,0.64,0.62,0.6814285714285714
2026-05-06,2,5,0,Cheddar Cheese,Dairy,kg,7.61,0.0,0.4,0.0,450.0,21,True,0.5,0.49,0.6642857142857144
2026-05-07,3,5,0,Cheddar Cheese,Dairy,kg,6.96,0.0,0.65,0.0,450.0,21,True,0.4,0.47,0.6514285714285715
2026-05-08,4,5,0,Cheddar Cheese,Dairy,kg,6.17,0.0,0.8,0.0,450.0,21,True,0.65,0.87,0.677142857142857
2026-05-09,5,5,1,Cheddar Cheese,Dairy,kg,5.21,0.0,0.96,0.0,450.0,21,True,0.8,0.65,0.6671428571428571
2026-05-10,6,5,1,Cheddar Cheese,Dairy,kg,7.29,2.7,0.62,0.0,450.0,21,True,0.96,1.03,0.7114285714285714
2026-05-11,0,5,0,Cheddar Cheese,Dairy,kg,6.8,0.0,0.49,0.0,450.0,21,True,0.62,0.64,0.6528571428571429
2026-05-12,1,5,0,Cheddar Cheese,Dairy,kg,6.26,0.0,0.54,0.0,450.0,21,True,0.49,0.5,0.6314285714285715
2026-05-13,2,5,0,Cheddar Cheese,Dairy,kg,5.72,0.0,0.54,0.0,450.0,21,True,0.54,0.4,0.6371428571428571
2026-05-14,3,5,0,Cheddar Cheese,Dairy,kg,5.21,0.0,0.5,0.0,450.0,21,True,0.54,0.65,0.6571428571428571
2026-05-15,4,5,0,Cheddar Cheese,Dairy,kg,7.1,2.77,0.89,0.0,450.0,21,True,0.5,0.8,0.6357142857142858
2026-05-16,5,5,1,Cheddar Cheese,Dairy,kg,6.42,0.0,0.68,0.0,450.0,21,True,0.89,0.96,0.6485714285714286
2026-05-17,6,5,1,Cheddar Cheese,Dairy,kg,5.63,0.0,0.79,0.0,450.0,21,True,0.68,0.62,0.6085714285714285
2026-05-18,0,5,0,Cheddar Cheese,Dairy,kg,5.08,0.0,0.55,0.0,450.0,21,True,0.79,0.49,0.6328571428571428
2026-05-19,1,5,0,Cheddar Cheese,Dairy,kg,4.5,0.0,0.58,0.0,450.0,21,True,0.55,0.54,0.6414285714285715
2026-05-20,2,5,0,Cheddar Cheese,Dairy,kg,3.9,0.0,0.6,0.0,450.0,21,True,0.58,0.54,0.6471428571428571
2026-05-21,3,5,0,Cheddar Cheese,Dairy,kg,3.45,0.0,0.45,0.0,450.0,21,True,0.6,0.5,0.6557142857142857
2026-05-22,4,5,0,Cheddar Cheese,Dairy,kg,2.83,0.0,0.62,0.0,450.0,21,True,0.45,0.89,0.6485714285714286
2026-05-23,5,5,1,Cheddar Cheese,Dairy,kg,1.86,0.0,0.97,0.0,450.0,21,True,0.62,0.68,0.6100000000000001
2026-05-24,6,5,1,Cheddar Cheese,Dairy,kg,1.01,0.0,0.85,0.0,450.0,21,True,0.97,0.79,0.6514285714285715
2026-05-25,0,5,0,Cheddar Cheese,Dairy,kg,2.65,2.12,0.48,0.0,450.0,21,True,0.85,0.55,0.66
2026-05-26,1,5,0,Cheddar Cheese,Dairy,kg,3.76,1.78,0.67,0.0,450.0,21,True,0.48,0.58,0.65
2026-05-27,2,5,0,Cheddar Cheese,Dairy,kg,3.21,0.0,0.55,0.0,450.0,21,True,0.67,0.6,0.6628571428571429
2026-05-28,3,5,0,Cheddar Cheese,Dairy,kg,2.58,0.0,0.64,0.0,450.0,21,True,0.55,0.45,0.6557142857142858
2026-05-29,4,5,0,Cheddar Cheese,Dairy,kg,1.76,0.0,0.82,0.0,450.0,21,True,0.64,0.62,0.6828571428571429
2026-05-30,5,5,1,Cheddar Cheese,Dairy,kg,0.7,0.0,1.06,0.0,450.0,21,True,0.82,0.97,0.7114285714285715
2026-05-31,6,5,1,Cheddar Cheese,Dairy,kg,2.74,3.07,1.02,0.0,450.0,21,True,1.06,0.85,0.7242857142857142
2026-06-01,0,6,0,Cheddar Cheese,Dairy,kg,5.75,3.52,0.52,0.0,450.0,21,True,1.02,0.48,0.7485714285714286
2026-06-02,1,6,0,Cheddar Cheese,Dairy,kg,5.13,0.0,0.62,0.0,450.0,21,True,0.52,0.67,0.7542857142857143
2026-06-03,2,6,0,Cheddar Cheese,Dairy,kg,4.53,0.0,0.59,0.0,450.0,21,True,0.62,0.55,0.7471428571428571
2026-06-04,3,6,0,Cheddar Cheese,Dairy,kg,3.88,0.0,0.65,0.0,450.0,21,True,0.59,0.64,0.7528571428571428
2026-06-05,4,6,0,Cheddar Cheese,Dairy,kg,3.19,0.0,0.69,0.0,450.0,21,True,0.65,0.82,0.7542857142857143
2026-06-06,5,6,1,Cheddar Cheese,Dairy,kg,4.92,2.63,0.89,0.0,450.0,21,True,0.69,1.06,0.7357142857142857
2026-06-07,6,6,1,Cheddar Cheese,Dairy,kg,3.99,0.0,0.94,0.0,450.0,21,True,0.89,1.02,0.7114285714285715
2026-06-08,0,6,0,Cheddar Cheese,Dairy,kg,3.59,0.0,0.4,0.0,450.0,21,True,0.94,0.52,0.7
2026-06-09,1,6,0,Cheddar Cheese,Dairy,kg,3.14,0.0,0.44,0.0,450.0,21,True,0.4,0.62,0.6828571428571429
2026-06-10,2,6,0,Cheddar Cheese,Dairy,kg,4.32,1.55,0.37,0.0,450.0,21,True,0.44,0.59,0.6571428571428571
2026-06-11,3,6,0,Cheddar Cheese,Dairy,kg,3.8,0.0,0.52,0.0,450.0,21,True,0.37,0.65,0.6257142857142857
2026-06-12,4,6,0,Cheddar Cheese,Dairy,kg,4.54,1.63,0.9,0.0,450.0,21,True,0.52,0.69,0.6071428571428571
2026-06-13,5,6,1,Cheddar Cheese,Dairy,kg,3.55,0.0,0.99,0.0,450.0,21,True,0.9,0.89,0.6371428571428571
2026-06-14,6,6,1,Cheddar Cheese,Dairy,kg,2.73,0.0,0.82,0.0,450.0,21,True,0.99,0.94,0.6514285714285715
2026-06-15,0,6,0,Cheddar Cheese,Dairy,kg,2.06,0.0,0.67,0.0,450.0,21,True,0.82,0.4,0.6342857142857142
2026-06-16,1,6,0,Cheddar Cheese,Dairy,kg,1.63,0.0,0.43,0.0,450.0,21,True,0.67,0.44,0.6728571428571428
2026-06-17,2,6,0,Cheddar Cheese,Dairy,kg,1.23,0.0,0.4,0.0,450.0,21,True,0.43,0.37,0.6714285714285715
2026-06-18,3,6,0,Cheddar Cheese,Dairy,kg,0.69,0.0,0.54,0.0,450.0,21,True,0.4,0.52,0.6757142857142856
2026-06-19,4,6,0,Cheddar Cheese,Dairy,kg,2.89,3.06,0.86,0.0,450.0,21,True,0.54,0.9,0.6785714285714286
2026-06-20,5,6,1,Cheddar Cheese,Dairy,kg,2.09,0.0,0.81,0.0,450.0,21,True,0.86,0.99,0.6728571428571428
2026-06-21,6,6,1,Cheddar Cheese,Dairy,kg,3.9,2.37,0.56,0.0,450.0,21,True,0.81,0.82,0.6471428571428571
2026-06-22,0,6,0,Cheddar Cheese,Dairy,kg,3.37,0.0,0.53,0.0,450.0,21,True,0.56,0.67,0.61
2026-06-23,1,6,0,Cheddar Cheese,Dairy,kg,2.93,0.0,0.43,0.0,450.0,21,True,0.53,0.43,0.59
2026-06-24,2,6,0,Cheddar Cheese,Dairy,kg,2.34,0.0,0.59,0.0,450.0,21,True,0.43,0.4,0.59
2026-06-25,3,6,0,Cheddar Cheese,Dairy,kg,1.77,0.0,0.57,0.0,450.0,21,True,0.59,0.54,0.6171428571428572
2026-06-26,4,6,0,Cheddar Cheese,Dairy,kg,4.01,2.94,0.7,0.0,450.0,21,True,0.57,0.86,0.6214285714285713
2026-06-27,5,6,1,Cheddar Cheese,Dairy,kg,3.27,0.0,0.75,0.0,450.0,21,True,0.7,0.81,0.5985714285714285
2026-06-28,6,6,1,Cheddar Cheese,Dairy,kg,2.58,0.0,0.68,0.0,450.0,21,True,0.75,0.56,0.59
2026-06-29,0,6,0,Cheddar Cheese,Dairy,kg,5.33,3.28,0.53,0.0,450.0,21,True,0.68,0.53,0.6071428571428571
2026-06-30,1,6,0,Cheddar Cheese,Dairy,kg,4.71,0.0,0.62,0.0,450.0,21,True,0.53,0.43,0.6071428571428571
2026-07-01,2,7,0,Cheddar Cheese,Dairy,kg,4.1,0.0,0.46,0.15,450.0,21,True,0.62,0.59,0.6342857142857142
2026-07-02,3,7,0,Cheddar Cheese,Dairy,kg,5.29,1.76,0.58,0.0,450.0,21,True,0.46,0.57,0.6157142857142857
2026-07-03,4,7,0,Cheddar Cheese,Dairy,kg,7.65,3.11,0.75,0.0,450.0,21,True,0.58,0.7,0.6171428571428572
2026-07-04,5,7,1,Cheddar Cheese,Dairy,kg,10.26,3.33,0.71,0.0,450.0,21,True,0.75,0.75,0.6242857142857143
2026-07-05,6,7,1,Cheddar Cheese,Dairy,kg,12.57,3.39,0.8,0.28,450.0,21,True,0.71,0.68,0.6185714285714285
2026-07-06,0,7,0,Cheddar Cheese,Dairy,kg,13.89,1.77,0.46,0.0,450.0,21,True,0.8,0.53,0.6357142857142858
2026-07-07,1,7,0,Cheddar Cheese,Dairy,kg,16.23,2.89,0.5,0.05,450.0,21,True,0.46,0.62,0.6257142857142857
2026-07-08,2,7,0,Cheddar Cheese,Dairy,kg,15.79,0.0,0.44,0.0,450.0,21,True,0.5,0.46,0.6085714285714285
2026-07-09,3,7,0,Cheddar Cheese,Dairy,kg,15.09,0.0,0.7,0.0,450.0,21,True,0.44,0.58,0.6057142857142858
2026-07-10,4,7,0,Cheddar Cheese,Dairy,kg,17.34,3.06,0.81,0.0,450.0,21,True,0.7,0.75,0.6228571428571428
2026-07-11,5,7,1,Cheddar Cheese,Dairy,kg,16.61,0.0,0.72,0.0,450.0,21,True,0.81,0.71,0.6314285714285715
2026-07-12,6,7,1,Cheddar Cheese,Dairy,kg,15.77,0.0,0.84,0.0,450.0,21,True,0.72,0.8,0.6328571428571428
2026-07-13,0,7,0,Cheddar Cheese,Dairy,kg,17.8,2.56,0.53,0.0,450.0,21,True,0.84,0.46,0.6385714285714286
2026-07-14,1,7,0,Cheddar Cheese,Dairy,kg,20.42,3.14,0.52,0.0,450.0,21,True,0.53,0.5,0.6485714285714286
2026-07-15,2,7,0,Cheddar Cheese,Dairy,kg,19.83,0.0,0.59,0.0,450.0,21,True,0.52,0.44,0.6514285714285714
2026-07-16,3,7,0,Cheddar Cheese,Dairy,kg,19.23,0.0,0.6,0.0,450.0,21,True,0.59,0.7,0.6728571428571427
2026-07-17,4,7,0,Cheddar Cheese,Dairy,kg,18.49,0.0,0.75,0.0,450.0,21,True,0.6,0.81,0.6585714285714286
2026-07-18,5,7,1,Cheddar Cheese,Dairy,kg,17.75,0.0,0.74,0.0,450.0,21,True,0.75,0.72,0.65
2026-07-19,6,7,1,Cheddar Cheese,Dairy,kg,16.97,0.0,0.78,0.0,450.0,21,True,0.74,0.84,0.6528571428571429
2026-07-20,0,7,0,Cheddar Cheese,Dairy,kg,19.39,2.78,0.35,0.0,450.0,21,True,0.78,0.53,0.6442857142857142
2026-07-21,1,7,0,Cheddar Cheese,Dairy,kg,18.98,0.0,0.42,0.0,450.0,21,True,0.35,0.52,0.6185714285714285
2026-07-22,2,7,0,Cheddar Cheese,Dairy,kg,18.33,0.0,0.65,0.0,450.0,21,True,0.42,0.59,0.6042857142857142
2026-07-23,3,7,0,Cheddar Cheese,Dairy,kg,17.65,0.0,0.67,0.0,450.0,21,True,0.65,0.6,0.6128571428571429
2026-07-24,4,7,0,Cheddar Cheese,Dairy,kg,16.87,0.0,0.78,0.0,450.0,21,True,0.67,0.75,0.6228571428571429
2026-07-25,5,7,1,Cheddar Cheese,Dairy,kg,18.97,2.97,0.88,0.0,450.0,21,True,0.78,0.74,0.6271428571428571
2026-07-26,6,7,1,Cheddar Cheese,Dairy,kg,18.12,0.0,0.85,0.0,450.0,21,True,0.88,0.78,0.6471428571428571
2026-07-27,0,7,0,Cheddar Cheese,Dairy,kg,17.33,0.0,0.79,0.0,450.0,21,True,0.85,0.35,0.6571428571428571
2026-07-28,1,7,0,Cheddar Cheese,Dairy,kg,16.7,0.0,0.63,0.0,450.0,21,True,0.79,0.42,0.72
2026-07-29,2,7,0,Cheddar Cheese,Dairy,kg,16.17,0.0,0.53,0.0,450.0,21,True,0.63,0.65,0.75
2026-07-30,3,7,0,Cheddar Cheese,Dairy,kg,15.71,0.0,0.46,0.0,450.0,21,True,0.53,0.67,0.7328571428571429
2026-07-31,4,7,0,Cheddar Cheese,Dairy,kg,15.09,0.0,0.61,0.0,450.0,21,True,0.46,0.78,0.7028571428571428
2026-08-01,5,8,1,Cheddar Cheese,Dairy,kg,14.26,0.0,0.83,0.0,450.0,21,True,0.61,0.88,0.6785714285714286
2026-08-02,6,8,1,Cheddar Cheese,Dairy,kg,13.54,0.0,0.72,0.0,450.0,21,True,0.83,0.85,0.6714285714285715
2026-08-03,0,8,0,Cheddar Cheese,Dairy,kg,13.12,0.0,0.42,0.0,450.0,21,True,0.72,0.79,0.6528571428571429
2026-08-04,1,8,0,Cheddar Cheese,Dairy,kg,15.68,3.05,0.49,0.0,450.0,21,True,0.42,0.63,0.6
2026-08-05,2,8,0,Cheddar Cheese,Dairy,kg,15.23,0.0,0.45,0.0,450.0,21,True,0.49,0.53,0.58
2026-08-06,3,8,0,Cheddar Cheese,Dairy,kg,14.55,0.0,0.68,0.0,450.0,21,True,0.45,0.46,0.5685714285714285
2026-08-07,4,8,0,Cheddar Cheese,Dairy,kg,15.88,2.24,0.92,0.0,450.0,21,True,0.68,0.61,0.6
2026-08-08,5,8,1,Cheddar Cheese,Dairy,kg,15.07,0.0,0.81,0.0,450.0,21,True,0.92,0.83,0.6442857142857142
2026-08-09,6,8,1,Cheddar Cheese,Dairy,kg,14.08,0.0,0.99,0.0,450.0,21,True,0.81,0.72,0.6414285714285715
2026-08-10,0,8,0,Cheddar Cheese,Dairy,kg,13.53,0.0,0.55,0.0,450.0,21,True,0.99,0.42,0.6799999999999999
2026-08-11,1,8,0,Cheddar Cheese,Dairy,kg,13.06,0.0,0.47,0.0,450.0,21,True,0.55,0.49,0.6985714285714286
2026-08-12,2,8,0,Cheddar Cheese,Dairy,kg,12.4,0.0,0.66,0.0,450.0,21,True,0.47,0.45,0.6957142857142857
2026-08-13,3,8,0,Cheddar Cheese,Dairy,kg,15.09,3.28,0.58,0.0,450.0,21,True,0.66,0.68,0.7257142857142858
2026-08-14,4,8,0,Cheddar Cheese,Dairy,kg,14.4,0.0,0.68,0.0,450.0,21,True,0.58,0.92,0.7114285714285715
2026-08-15,5,8,1,Cheddar Cheese,Dairy,kg,13.62,0.0,0.79,0.0,450.0,21,True,0.68,0.81,0.6771428571428572
2026-08-16,6,8,1,Cheddar Cheese,Dairy,kg,12.91,0.0,0.7,0.0,450.0,21,True,0.79,0.99,0.6742857142857143
2026-08-17,0,8,0,Cheddar Cheese,Dairy,kg,12.49,0.0,0.43,0.0,450.0,21,True,0.7,0.55,0.6328571428571428
2026-08-18,1,8,0,Cheddar Cheese,Dairy,kg,15.32,3.45,0.62,0.0,450.0,21,True,0.43,0.47,0.6157142857142858
2026-08-19,2,8,0,Cheddar Cheese,Dairy,kg,14.63,0.0,0.69,0.0,450.0,21,True,0.62,0.66,0.6371428571428571
2026-08-20,3,8,0,Cheddar Cheese,Dairy,kg,14.2,0.0,0.43,0.0,450.0,21,True,0.69,0.58,0.6414285714285715
2026-08-21,4,8,0,Cheddar Cheese,Dairy,kg,13.0,0.0,0.88,0.32,450.0,21,True,0.43,0.68,0.62
2026-08-22,5,8,1,Cheddar Cheese,Dairy,kg,12.27,0.0,0.73,0.0,450.0,21,True,0.88,0.79,0.6485714285714286
2026-08-23,6,8,1,Cheddar Cheese,Dairy,kg,14.35,2.83,0.75,0.0,450.0,21,True,0.73,0.7,0.64
2026-08-24,0,8,0,Cheddar Cheese,Dairy,kg,13.86,0.0,0.49,0.0,450.0,21,True,0.75,0.43,0.647142857142857
2026-08-25,1,8,0,Cheddar Cheese,Dairy,kg,13.39,0.0,0.47,0.0,450.0,21,True,0.49,0.62,0.6557142857142857
2026-08-26,2,8,0,Cheddar Cheese,Dairy,kg,12.84,0.0,0.54,0.0,450.0,21,True,0.47,0.69,0.6342857142857142
2026-08-27,3,8,0,Cheddar Cheese,Dairy,kg,12.37,0.0,0.47,0.0,450.0,21,True,0.54,0.43,0.6128571428571429
2026-08-28,4,8,0,Cheddar Cheese,Dairy,kg,13.14,1.61,0.84,0.0,450.0,21,True,0.47,0.88,0.6185714285714285
2026-08-29,5,8,1,Cheddar Cheese,Dairy,kg,12.33,0.0,0.8,0.0,450.0,21,True,0.84,0.73,0.6128571428571429
2026-08-30,6,8,1,Cheddar Cheese,Dairy,kg,11.55,0.0,0.78,0.0,450.0,21,True,0.8,0.75,0.6228571428571429
2026-08-31,0,8,0,Cheddar Cheese,Dairy,kg,11.09,0.0,0.47,0.0,450.0,21,True,0.78,0.49,0.6271428571428571
2026-09-01,1,9,0,Cheddar Cheese,Dairy,kg,10.59,0.0,0.49,0.0,450.0,21,True,0.47,0.47,0.6242857142857143
2026-09-02,2,9,0,Cheddar Cheese,Dairy,kg,12.4,2.4,0.6,0.0,450.0,21,True,0.49,0.54,0.6271428571428571
2026-09-03,3,9,0,Cheddar Cheese,Dairy,kg,11.82,0.0,0.58,0.0,450.0,21,True,0.6,0.47,0.6357142857142858
2026-09-04,4,9,0,Cheddar Cheese,Dairy,kg,11.12,0.0,0.69,0.0,450.0,21,True,0.58,0.84,0.6514285714285715
2026-09-05,5,9,1,Cheddar Cheese,Dairy,kg,10.3,0.0,0.82,0.0,450.0,21,True,0.69,0.8,0.63
2026-09-06,6,9,1,Cheddar Cheese,Dairy,kg,11.53,2.13,0.9,0.0,450.0,21,True,0.82,0.78,0.6328571428571428
2026-09-07,0,9,0,Cheddar Cheese,Dairy,kg,13.17,2.04,0.4,0.0,450.0,21,True,0.9,0.47,0.65
2026-09-08,1,9,0,Cheddar Cheese,Dairy,kg,15.65,3.07,0.58,0.0,450.0,21,True,0.4,0.49,0.64
2026-09-09,2,9,0,Cheddar Cheese,Dairy,kg,15.16,0.0,0.49,0.0,450.0,21,True,0.58,0.6,0.6528571428571428
2026-09-10,3,9,0,Cheddar Cheese,Dairy,kg,14.58,0.0,0.59,0.0,450.0,21,True,0.49,0.58,0.6371428571428571
2026-09-11,4,9,0,Cheddar Cheese,Dairy,kg,13.86,0.0,0.72,0.0,450.0,21,True,0.59,0.69,0.6385714285714286
2026-09-12,5,9,1,Cheddar Cheese,Dairy,kg,13.27,0.0,0.59,0.0,450.0,21,True,0.72,0.82,0.6428571428571429
2026-09-13,6,9,1,Cheddar Cheese,Dairy,kg,16.09,3.43,0.61,0.0,450.0,21,True,0.59,0.9,0.61
2026-09-14,0,9,0,Cheddar Cheese,Dairy,kg,15.55,0.0,0.54,0.0,450.0,21,True,0.61,0.4,0.5685714285714285
2026-09-15,1,9,0,Cheddar Cheese,Dairy,kg,14.99,0.0,0.56,0.0,450.0,21,True,0.54,0.58,0.5885714285714286
2026-09-16,2,9,0,Cheddar Cheese,Dairy,kg,16.06,1.54,0.47,0.0,450.0,21,True,0.56,0.49,0.5857142857142856
2026-09-17,3,9,0,Cheddar Cheese,Dairy,kg,15.47,0.0,0.59,0.0,450.0,21,True,0.47,0.59,0.5828571428571429
2026-09-18,4,9,0,Cheddar Cheese,Dairy,kg,14.86,0.0,0.61,0.0,450.0,21,True,0.59,0.72,0.5828571428571429
2026-09-19,5,9,1,Cheddar Cheese,Dairy,kg,17.34,3.27,0.8,0.0,450.0,21,True,0.61,0.59,0.5671428571428571
2026-09-20,6,9,1,Cheddar Cheese,Dairy,kg,16.67,0.0,0.66,0.0,450.0,21,True,0.8,0.61,0.5971428571428571
2026-09-21,0,9,0,Cheddar Cheese,Dairy,kg,16.19,0.0,0.49,0.0,450.0,21,True,0.66,0.54,0.6042857142857142
2026-09-22,1,9,0,Cheddar Cheese,Dairy,kg,15.64,0.0,0.54,0.0,450.0,21,True,0.49,0.56,0.5971428571428571
2026-09-23,2,9,0,Cheddar Cheese,Dairy,kg,17.74,2.57,0.47,0.0,450.0,21,True,0.54,0.47,0.5942857142857143
2026-09-24,3,9,0,Cheddar Cheese,Dairy,kg,17.23,0.0,0.51,0.0,450.0,21,True,0.47,0.59,0.5942857142857143
2026-09-25,4,9,0,Cheddar Cheese,Dairy,kg,16.3,0.0,0.93,0.0,450.0,21,True,0.51,0.61,0.5828571428571429
2026-09-26,5,9,1,Cheddar Cheese,Dairy,kg,15.56,0.0,0.74,0.0,450.0,21,True,0.93,0.8,0.6285714285714287
2026-09-27,6,9,1,Cheddar Cheese,Dairy,kg,16.46,1.81,0.91,0.0,450.0,21,True,0.74,0.66,0.62
2026-09-28,0,9,0,Cheddar Cheese,Dairy,kg,16.01,0.0,0.45,0.0,450.0,21,True,0.91,0.49,0.6557142857142857
2026-09-29,1,9,0,Cheddar Cheese,Dairy,kg,15.43,0.0,0.58,0.0,450.0,21,True,0.45,0.54,0.65
2026-04-02,3,4,0,Sandwich Bread,Bakery,packs,5.72,0.0,3.28,0.0,45.0,4,True,3.2840883977900552,3.2840883977900552,3.2840883977900552
2026-04-03,4,4,0,Sandwich Bread,Bakery,packs,3.17,0.0,2.55,0.0,45.0,4,True,3.28,3.2840883977900552,3.28
2026-04-04,5,4,1,Sandwich Bread,Bakery,packs,11.82,12.21,3.57,0.0,45.0,4,True,2.55,3.2840883977900552,2.915
2026-04-05,6,4,1,Sandwich Bread,Bakery,packs,7.41,0.0,4.4,0.0,45.0,4,True,3.57,3.2840883977900552,3.133333333333333
2026-04-06,0,4,0,Sandwich Bread,Bakery,packs,4.8,0.0,2.62,0.0,45.0,4,True,4.4,3.2840883977900552,3.45
2026-04-07,1,4,0,Sandwich Bread,Bakery,packs,1.95,0.0,2.85,0.0,45.0,4,True,2.62,3.2840883977900552,3.2840000000000003
2026-04-08,2,4,0,Sandwich Bread,Bakery,packs,7.71,8.22,2.46,0.0,45.0,4,True,2.85,3.2840883977900552,3.2116666666666664
2026-04-09,3,4,0,Sandwich Bread,Bakery,packs,4.97,0.0,2.74,0.0,45.0,4,True,2.46,3.28,3.1042857142857145
2026-04-10,4,4,0,Sandwich Bread,Bakery,packs,9.11,8.09,3.96,0.0,45.0,4,True,2.74,2.55,3.0271428571428567
2026-04-11,5,4,1,Sandwich Bread,Bakery,packs,4.35,0.0,4.76,0.0,45.0,4,True,3.96,3.57,3.2285714285714286
2026-04-12,6,4,1,Sandwich Bread,Bakery,packs,8.24,8.1,4.2,0.0,45.0,4,True,4.76,4.4,3.3985714285714286
2026-04-13,0,4,0,Sandwich Bread,Bakery,packs,21.98,16.57,2.84,0.0,45.0,4,True,4.2,2.62,3.37
2026-04-14,1,4,0,Sandwich Bread,Bakery,packs,19.45,0.0,2.53,0.0,45.0,4,True,2.84,2.85,3.4014285714285712
2026-04-15,2,4,0,Sandwich Bread,Bakery,packs,16.94,0.0,2.5,0.0,45.0,4,True,2.53,2.46,3.3557142857142854
2026-04-16,3,4,0,Sandwich Bread,Bakery,packs,14.42,0.0,2.52,0.0,45.0,4,True,2.5,2.74,3.361428571428571
2026-04-17,4,4,0,Sandwich Bread,Bakery,packs,10.13,0.0,4.29,0.0,45.0,4,True,2.52,3.96,3.3300000000000005
2026-04-18,5,4,1,Sandwich Bread,Bakery,packs,6.33,0.0,3.79,0.0,45.0,4,True,4.29,4.76,3.3771428571428572
2026-04-19,6,4,1,Sandwich Bread,Bakery,packs,14.6,12.49,4.23,0.0,45.0,4,True,3.79,4.2,3.238571428571429
2026-04-20,0,4,0,Sandwich Bread,Bakery,packs,19.65,8.59,3.54,0.0,45.0,4,True,4.23,2.84,3.242857142857143
2026-04-21,1,4,0,Sandwich Bread,Bakery,packs,16.6,0.0,3.05,0.0,45.0,4,True,3.54,2.53,3.3428571428571425
2026-04-22,2,4,0,Sandwich Bread,Bakery,packs,14.03,0.0,2.57,0.0,45.0,4,True,3.05,2.5,3.4171428571428573
2026-04-23,3,4,0,Sandwich Bread,Bakery,packs,22.94,12.1,3.19,0.0,45.0,4,True,2.57,2.52,3.4271428571428575
2026-04-24,4,4,0,Sandwich Bread,Bakery,packs,19.14,0.0,3.8,0.0,45.0,4,True,3.19,4.29,3.5228571428571422
2026-04-25,5,4,1,Sandwich Bread,Bakery,packs,16.32,0.0,2.81,0.0,45.0,4,True,3.8,3.79,3.4528571428571424
2026-04-26,6,4,1,Sandwich Bread,Bakery,packs,12.89,0.0,3.44,0.0,45.0,4,True,2.81,4.23,3.312857142857143
2026-04-27,0,4,0,Sandwich Bread,Bakery,packs,10.94,0.0,1.94,0.0,45.0,4,True,3.44,3.54,3.1999999999999997
2026-04-28,1,4,0,Sandwich Bread,Bakery,packs,8.06,0.0,2.56,0.33,45.0,4,True,1.94,3.05,2.9714285714285715
2026-04-29,2,4,0,Sandwich Bread,Bakery,packs,5.35,0.0,2.71,0.0,45.0,4,True,2.56,2.57,2.9014285714285712
2026-04-30,3,4,0,Sandwich Bread,Bakery,packs,1.97,0.0,3.38,0.0,45.0,4,True,2.71,3.19,2.9214285714285713
2026-05-01,4,5,0,Sandwich Bread,Bakery,packs,14.74,17.02,4.25,0.0,45.0,4,True,3.38,3.8,2.948571428571428
2026-05-02,5,5,1,Sandwich Bread,Bakery,packs,10.82,0.0,3.92,0.0,45.0,4,True,4.25,2.81,3.012857142857143
2026-05-03,6,5,1,Sandwich Bread,Bakery,packs,17.44,11.17,4.55,0.0,45.0,4,True,3.92,3.44,3.1714285714285713
2026-05-04,0,5,0,Sandwich Bread,Bakery,packs,15.64,0.0,1.8,0.0,45.0,4,True,4.55,1.94,3.3300000000000005
2026-05-05,1,5,0,Sandwich Bread,Bakery,packs,12.84,0.0,2.8,0.0,45.0,4,True,1.8,2.56,3.3099999999999996
2026-05-06,2,5,0,Sandwich Bread,Bakery,packs,9.83,0.0,3.01,0.0,45.0,4,True,2.8,2.71,3.3442857142857143
2026-05-07,3,5,0,Sandwich Bread,Bakery,packs,7.73,0.0,2.1,0.0,45.0,4,True,3.01,3.38,3.3871428571428575
2026-05-08,4,5,0,Sandwich Bread,Bakery,packs,2.98,0.0,4.74,0.0,45.0,4,True,2.1,4.25,3.204285714285714
2026-05-09,5,5,1,Sandwich Bread,Bakery,packs,13.98,15.26,4.26,0.0,45.0,4,True,4.74,3.92,3.2742857142857145
2026-05-10,6,5,1,Sandwich Bread,Bakery,packs,10.19,0.0,3.8,0.0,45.0,4,True,4.26,4.55,3.3228571428571425
2026-05-11,0,5,0,Sandwich Bread,Bakery,packs,7.23,0.0,2.96,0.0,45.0,4,True,3.8,1.8,3.2157142857142857
2026-05-12,1,5,0,Sandwich Bread,Bakery,packs,3.61,0.0,3.62,0.0,45.0,4,True,2.96,2.8,3.3814285714285717
2026-05-13,2,5,0,Sandwich Bread,Bakery,packs,10.59,9.75,2.77,0.0,45.0,4,True,3.62,3.01,3.498571428571428
2026-05-14,3,5,0,Sandwich Bread,Bakery,packs,7.78,0.0,2.8,0.0,45.0,4,True,2.77,2.1,3.464285714285714
2026-05-15,4,5,0,Sandwich Bread,Bakery,packs,12.32,8.31,3.77,0.0,45.0,4,True,2.8,4.74,3.564285714285714
2026-05-16,5,5,1,Sandwich Bread,Bakery,packs,24.38,15.59,3.53,0.0,45.0,4,True,3.77,4.26,3.4257142857142857
2026-05-17,6,5,1,Sandwich Bread,Bakery,packs,18.91,0.0,4.55,0.92,45.0,4,True,3.53,3.8,3.3214285714285716
2026-05-18,0,5,0,Sandwich Bread,Bakery,packs,16.56,0.0,2.35,0.0,45.0,4,True,4.55,2.96,3.4285714285714284
2026-05-19,1,5,0,Sandwich Bread,Bakery,packs,13.83,0.0,2.73,0.0,45.0,4,True,2.35,3.62,3.341428571428571
2026-05-20,2,5,0,Sandwich Bread,Bakery,packs,11.32,0.0,2.51,0.0,45.0,4,True,2.73,2.77,3.2142857142857144
2026-05-21,3,5,0,Sandwich Bread,Bakery,packs,8.43,0.0,2.89,0.0,45.0,4,True,2.51,2.8,3.1771428571428575
2026-05-22,4,5,0,Sandwich Bread,Bakery,packs,4.17,0.0,4.25,0.0,45.0,4,True,2.89,3.77,3.19
2026-05-23,5,5,1,Sandwich Bread,Bakery,packs,14.1,14.6,4.68,0.0,45.0,4,True,4.25,3.53,3.258571428571429
2026-05-24,6,5,1,Sandwich Bread,Bakery,packs,10.36,0.0,3.74,0.0,45.0,4,True,4.68,4.55,3.422857142857143
2026-05-25,0,5,0,Sandwich Bread,Bakery,packs,7.77,0.0,2.59,0.0,45.0,4,True,3.74,2.35,3.3071428571428574
2026-05-26,1,5,0,Sandwich Bread,Bakery,packs,5.46,0.0,2.3,0.0,45.0,4,True,2.59,2.73,3.3414285714285716
2026-05-27,2,5,0,Sandwich Bread,Bakery,packs,2.94,0.0,2.52,0.0,45.0,4,True,2.3,2.51,3.2800000000000002
2026-05-28,3,5,0,Sandwich Bread,Bakery,packs,16.36,16.27,2.85,0.0,45.0,4,True,2.52,2.89,3.2814285714285716
2026-05-29,4,5,0,Sandwich Bread,Bakery,packs,11.85,0.0,4.51,0.0,45.0,4,True,2.85,4.25,3.275714285714286
2026-05-30,5,5,1,Sandwich Bread,Bakery,packs,8.36,0.0,3.49,0.0,45.0,4,True,4.51,4.68,3.312857142857143
2026-05-31,6,5,1,Sandwich Bread,Bakery,packs,3.78,0.0,4.58,0.0,45.0,4,True,3.49,3.74,3.142857142857143
2026-06-01,0,6,0,Sandwich Bread,Bakery,packs,18.18,17.65,3.25,0.0,45.0,4,True,4.58,2.59,3.262857142857143
2026-06-02,1,6,0,Sandwich Bread,Bakery,packs,15.31,0.0,2.87,0.0,45.0,4,True,3.25,2.3,3.357142857142857
2026-06-03,2,6,0,Sandwich Bread,Bakery,packs,11.85,0.0,3.46,0.0,45.0,4,True,2.87,2.52,3.4385714285714286
2026-06-04,3,6,0,Sandwich Bread,Bakery,packs,9.46,0.0,2.39,0.0,45.0,4,True,3.46,2.85,3.5728571428571425
2026-06-05,4,6,0,Sandwich Bread,Bakery,packs,22.55,16.38,3.29,0.0,45.0,4,True,2.39,4.51,3.5071428571428567
2026-06-06,5,6,1,Sandwich Bread,Bakery,packs,19.58,0.0,2.97,0.0,45.0,4,True,3.29,3.49,3.332857142857143
2026-06-07,6,6,1,Sandwich Bread,Bakery,packs,14.62,0.0,4.96,0.0,45.0,4,True,2.97,4.58,3.258571428571429
2026-06-08,0,6,0,Sandwich Bread,Bakery,packs,23.75,12.09,2.97,0.0,45.0,4,True,4.96,3.25,3.312857142857143
2026-06-09,1,6,0,Sandwich Bread,Bakery,packs,33.31,12.24,2.68,0.0,45.0,4,True,2.97,2.87,3.2728571428571427
2026-06-10,2,6,0,Sandwich Bread,Bakery,packs,38.56,8.06,2.81,0.0,45.0,4,True,2.68,3.46,3.2457142857142856
2026-06-11,3,6,0,Sandwich Bread,Bakery,packs,54.25,17.94,2.24,0.0,45.0,4,True,2.81,2.39,3.152857142857143
2026-06-12,4,6,0,Sandwich Bread,Bakery,packs,65.99,17.27,5.54,0.0,45.0,4,True,2.24,3.29,3.1314285714285717
2026-06-13,5,6,1,Sandwich Bread,Bakery,packs,61.86,0.0,4.13,0.0,45.0,4,True,5.54,2.97,3.4528571428571433
2026-06-14,6,6,1,Sandwich Bread,Bakery,packs,68.26,10.51,4.12,0.0,45.0,4,True,4.13,4.96,3.6185714285714288
2026-06-15,0,6,0,Sandwich Bread,Bakery,packs,65.27,0.0,2.99,0.0,45.0,4,True,4.12,2.97,3.4985714285714287
2026-06-16,1,6,0,Sandwich Bread,Bakery,packs,62.37,0.0,2.89,0.0,45.0,4,True,2.99,2.68,3.501428571428572
2026-06-17,2,6,0,Sandwich Bread,Bakery,packs,67.91,8.33,2.79,0.0,45.0,4,True,2.89,2.81,3.5314285714285716
2026-06-18,3,6,0,Sandwich Bread,Bakery,packs,65.53,0.0,2.38,0.0,45.0,4,True,2.79,2.24,3.5285714285714285
2026-06-19,4,6,0,Sandwich Bread,Bakery,packs,61.2,0.0,4.34,0.0,45.0,4,True,2.38,5.54,3.5485714285714285
2026-06-20,5,6,1,Sandwich Bread,Bakery,packs,66.53,10.53,5.19,0.0,45.0,4,True,4.34,4.13,3.3771428571428572
2026-06-21,6,6,1,Sandwich Bread,Bakery,packs,73.57,11.91,4.87,0.0,45.0,4,True,5.19,4.12,3.5285714285714285
2026-06-22,0,6,0,Sandwich Bread,Bakery,packs,68.98,0.0,3.35,1.24,45.0,4,True,4.87,2.99,3.6357142857142857
2026-06-23,1,6,0,Sandwich Bread,Bakery,packs,65.86,0.0,2.49,0.63,45.0,4,True,3.35,2.89,3.6871428571428573
2026-06-24,2,6,0,Sandwich Bread,Bakery,packs,72.57,9.01,2.3,0.0,45.0,4,True,2.49,2.79,3.63
2026-06-25,3,6,0,Sandwich Bread,Bakery,packs,69.92,0.0,2.65,0.0,45.0,4,True,2.3,2.38,3.56
2026-06-26,4,6,0,Sandwich Bread,Bakery,packs,65.84,0.0,4.08,0.0,45.0,4,True,2.65,4.34,3.5985714285714288
2026-06-27,5,6,1,Sandwich Bread,Bakery,packs,77.63,17.73,4.71,1.22,45.0,4,True,4.08,5.19,3.561428571428572
2026-06-28,6,6,1,Sandwich Bread,Bakery,packs,74.61,0.0,3.02,0.0,45.0,4,True,4.71,4.87,3.4928571428571433
2026-06-29,0,6,0,Sandwich Bread,Bakery,packs,71.29,0.0,3.32,0.0,45.0,4,True,3.02,3.35,3.2285714285714286
2026-06-30,1,6,0,Sandwich Bread,Bakery,packs,68.66,0.0,2.64,0.0,45.0,4,True,3.32,2.49,3.224285714285714
2026-07-01,2,7,0,Sandwich Bread,Bakery,packs,66.13,0.0,2.53,0.0,45.0,4,True,2.64,2.3,3.2457142857142856
2026-07-02,3,7,0,Sandwich Bread,Bakery,packs,79.62,15.78,2.29,0.0,45.0,4,True,2.53,2.65,3.2785714285714285
2026-07-03,4,7,0,Sandwich Bread,Bakery,packs,76.57,0.0,3.04,0.0,45.0,4,True,2.29,4.08,3.2271428571428573
2026-07-04,5,7,1,Sandwich Bread,Bakery,packs,72.02,0.0,4.55,0.0,45.0,4,True,3.04,4.71,3.0785714285714283
2026-07-05,6,7,1,Sandwich Bread,Bakery,packs,66.85,0.0,4.09,1.08,45.0,4,True,4.55,3.02,3.055714285714285
2026-07-06,0,7,0,Sandwich Bread,Bakery,packs,64.67,0.0,2.18,0.0,45.0,4,True,4.09,3.32,3.208571428571428
2026-07-07,1,7,0,Sandwich Bread,Bakery,packs,62.5,0.0,2.18,0.0,45.0,4,True,2.18,2.64,3.045714285714286
2026-07-08,2,7,0,Sandwich Bread,Bakery,packs,59.93,0.0,2.56,0.0,45.0,4,True,2.18,2.53,2.98
2026-07-09,3,7,0,Sandwich Bread,Bakery,packs,55.44,0.0,3.38,1.12,45.0,4,True,2.56,2.29,2.9842857142857144
2026-07-10,4,7,0,Sandwich Bread,Bakery,packs,51.54,0.0,3.89,0.0,45.0,4,True,3.38,3.04,3.14
2026-07-11,5,7,1,Sandwich Bread,Bakery,packs,56.81,9.59,3.14,1.19,45.0,4,True,3.89,4.55,3.261428571428571
2026-07-12,6,7,1,Sandwich Bread,Bakery,packs,52.91,0.0,3.9,0.0,45.0,4,True,3.14,4.09,3.06
2026-07-13,0,7,0,Sandwich Bread,Bakery,packs,50.32,0.0,2.59,0.0,45.0,4,True,3.9,2.18,3.032857142857143
2026-07-14,1,7,0,Sandwich Bread,Bakery,packs,48.71,0.0,1.61,0.0,45.0,4,True,2.59,2.18,3.0914285714285716
2026-07-15,2,7,0,Sandwich Bread,Bakery,packs,46.04,0.0,2.68,0.0,45.0,4,True,1.61,2.56,3.0100000000000002
2026-07-16,3,7,0,Sandwich Bread,Bakery,packs,43.43,0.0,2.61,0.0,45.0,4,True,2.68,3.38,3.0271428571428567
2026-07-17,4,7,0,Sandwich Bread,Bakery,packs,50.32,11.36,4.47,0.0,45.0,4,True,2.61,3.89,2.9171428571428573
2026-07-18,5,7,1,Sandwich Bread,Bakery,packs,45.15,0.0,5.17,0.0,45.0,4,True,4.47,3.14,3.0
2026-07-19,6,7,1,Sandwich Bread,Bakery,packs,40.41,0.0,4.73,0.0,45.0,4,True,5.17,3.9,3.29
2026-07-20,0,7,0,Sandwich Bread,Bakery,packs,37.82,0.0,2.59,0.0,45.0,4,True,4.73,2.59,3.4085714285714284
2026-07-21,1,7,0,Sandwich Bread,Bakery,packs,35.57,0.0,2.25,0.0,45.0,4,True,2.59,1.61,3.4085714285714284
2026-07-22,2,7,0,Sandwich Bread,Bakery,packs,31.83,0.0,3.74,0.0,45.0,4,True,2.25,2.68,3.5
2026-07-23,3,7,0,Sandwich Bread,Bakery,packs,42.93,13.83,2.72,0.0,45.0,4,True,3.74,2.61,3.6514285714285717
2026-07-24,4,7,0,Sandwich Bread,Bakery,packs,38.87,0.0,4.06,0.0,45.0,4,True,2.72,4.47,3.667142857142857
2026-07-25,5,7,1,Sandwich Bread,Bakery,packs,49.28,14.44,4.04,0.0,45.0,4,True,4.06,5.17,3.608571428571428
2026-07-26,6,7,1,Sandwich Bread,Bakery,packs,45.11,0.0,4.17,0.0,45.0,4,True,4.04,4.73,3.447142857142857
2026-07-27,0,7,0,Sandwich Bread,Bakery,packs,42.46,0.0,2.64,0.0,45.0,4,True,4.17,2.59,3.3671428571428565
2026-07-28,1,7,0,Sandwich Bread,Bakery,packs,56.63,16.64,2.47,0.0,45.0,4,True,2.64,2.25,3.374285714285714
2026-07-29,2,7,0,Sandwich Bread,Bakery,packs,54.15,0.0,2.48,0.0,45.0,4,True,2.47,3.74,3.4057142857142852
2026-07-30,3,7,0,Sandwich Bread,Bakery,packs,51.47,0.0,2.69,0.0,45.0,4,True,2.48,2.72,3.2257142857142855
2026-07-31,4,7,0,Sandwich Bread,Bakery,packs,61.94,14.19,3.72,0.0,45.0,4,True,2.69,4.06,3.2214285714285715
2026-08-01,5,8,1,Sandwich Bread,Bakery,packs,58.32,0.0,3.62,0.0,45.0,4,True,3.72,4.04,3.172857142857143
2026-08-02,6,8,1,Sandwich Bread,Bakery,packs,54.21,0.0,4.11,0.0,45.0,4,True,3.62,4.17,3.1128571428571425
2026-08-03,0,8,0,Sandwich Bread,Bakery,packs,51.61,0.0,2.6,0.0,45.0,4,True,4.11,2.64,3.104285714285715
2026-08-04,1,8,0,Sandwich Bread,Bakery,packs,56.51,8.21,3.31,0.0,45.0,4,True,2.6,2.47,3.0985714285714288
2026-08-05,2,8,0,Sandwich Bread,Bakery,packs,54.88,0.0,1.63,0.0,45.0,4,True,3.31,2.48,3.218571428571429
2026-08-06,3,8,0,Sandwich Bread,Bakery,packs,51.74,0.0,3.14,0.0,45.0,4,True,1.63,2.69,3.0971428571428574
2026-08-07,4,8,0,Sandwich Bread,Bakery,packs,46.93,0.0,4.81,0.0,45.0,4,True,3.14,3.72,3.161428571428572
2026-08-08,5,8,1,Sandwich Bread,Bakery,packs,44.14,0.0,2.79,0.0,45.0,4,True,4.81,3.62,3.3171428571428576
2026-08-09,6,8,1,Sandwich Bread,Bakery,packs,40.3,0.0,3.84,0.0,45.0,4,True,2.79,4.11,3.198571428571429
2026-08-10,0,8,0,Sandwich Bread,Bakery,packs,37.75,0.0,2.55,0.0,45.0,4,True,3.84,2.6,3.16
2026-08-11,1,8,0,Sandwich Bread,Bakery,packs,44.31,8.69,2.13,0.0,45.0,4,True,2.55,3.31,3.152857142857143
2026-08-12,2,8,0,Sandwich Bread,Bakery,packs,41.93,0.0,2.38,0.0,45.0,4,True,2.13,1.63,2.984285714285714
2026-08-13,3,8,0,Sandwich Bread,Bakery,packs,39.68,0.0,2.25,0.0,45.0,4,True,2.38,3.14,3.0914285714285716
2026-08-14,4,8,0,Sandwich Bread,Bakery,packs,34.56,0.0,5.11,0.0,45.0,4,True,2.25,4.81,2.9642857142857144
2026-08-15,5,8,1,Sandwich Bread,Bakery,packs,29.94,0.0,4.62,0.0,45.0,4,True,5.11,2.79,3.007142857142857
2026-08-16,6,8,1,Sandwich Bread,Bakery,packs,25.12,0.0,4.82,0.0,45.0,4,True,4.62,3.84,3.268571428571429
2026-08-17,0,8,0,Sandwich Bread,Bakery,packs,38.58,16.45,2.99,0.0,45.0,4,True,4.82,2.55,3.4085714285714284
2026-08-18,1,8,0,Sandwich Bread,Bakery,packs,36.34,0.0,2.24,0.0,45.0,4,True,2.99,2.13,3.4714285714285715
2026-08-19,2,8,0,Sandwich Bread,Bakery,packs,48.51,14.66,2.49,0.0,45.0,4,True,2.24,2.38,3.4871428571428575
2026-08-20,3,8,0,Sandwich Bread,Bakery,packs,45.62,0.0,2.9,0.0,45.0,4,True,2.49,2.25,3.5028571428571427
2026-08-21,4,8,0,Sandwich Bread,Bakery,packs,55.5,13.19,3.31,0.0,45.0,4,True,2.9,5.11,3.595714285714286
2026-08-22,5,8,1,Sandwich Bread,Bakery,packs,51.02,0.0,4.48,0.0,45.0,4,True,3.31,4.62,3.3385714285714285
2026-08-23,6,8,1,Sandwich Bread,Bakery,packs,47.11,0.0,3.9,0.0,45.0,4,True,4.48,4.82,3.3185714285714285
2026-08-24,0,8,0,Sandwich Bread,Bakery,packs,44.57,0.0,2.55,0.0,45.0,4,True,3.9,2.99,3.1871428571428573
2026-08-25,1,8,0,Sandwich Bread,Bakery,packs,51.19,9.61,2.99,0.0,45.0,4,True,2.55,2.24,3.1242857142857146
2026-08-26,2,8,0,Sandwich Bread,Bakery,packs,47.54,0.0,2.88,0.77,45.0,4,True,2.99,2.49,3.2314285714285718
2026-08-27,3,8,0,Sandwich Bread,Bakery,packs,44.99,0.0,2.55,0.0,45.0,4,True,2.88,2.9,3.2871428571428574
2026-08-28,4,8,0,Sandwich Bread,Bakery,packs,40.23,0.0,4.75,0.0,45.0,4,True,2.55,3.31,3.237142857142857
2026-08-29,5,8,1,Sandwich Bread,Bakery,packs,47.59,10.75,3.39,0.0,45.0,4,True,4.75,4.48,3.442857142857143
2026-08-30,6,8,1,Sandwich Bread,Bakery,packs,43.16,0.0,4.42,0.0,45.0,4,True,3.39,3.9,3.287142857142857
2026-08-31,0,8,0,Sandwich Bread,Bakery,packs,40.22,0.0,2.94,0.0,45.0,4,True,4.42,2.55,3.3614285714285717
2026-09-01,1,9,0,Sandwich Bread,Bakery,packs,55.36,17.71,2.57,0.0,45.0,4,True,2.94,2.99,3.4171428571428573
2026-09-02,2,9,0,Sandwich Bread,Bakery,packs,52.52,0.0,2.83,0.0,45.0,4,True,2.57,2.88,3.357142857142857
2026-09-03,3,9,0,Sandwich Bread,Bakery,packs,50.33,0.0,2.19,0.0,45.0,4,True,2.83,2.55,3.35
2026-09-04,4,9,0,Sandwich Bread,Bakery,packs,45.72,0.0,4.61,0.0,45.0,4,True,2.19,4.75,3.298571428571429
2026-09-05,5,9,1,Sandwich Bread,Bakery,packs,59.43,17.65,3.94,0.0,45.0,4,True,4.61,3.39,3.278571428571429
2026-09-06,6,9,1,Sandwich Bread,Bakery,packs,55.18,0.0,3.73,0.51,45.0,4,True,3.94,4.42,3.3571428571428577
2026-09-07,0,9,0,Sandwich Bread,Bakery,packs,61.29,9.23,3.12,0.0,45.0,4,True,3.73,2.94,3.258571428571429
2026-09-08,1,9,0,Sandwich Bread,Bakery,packs,58.87,0.0,2.41,0.0,45.0,4,True,3.12,2.57,3.2842857142857143
2026-09-09,2,9,0,Sandwich Bread,Bakery,packs,56.74,0.0,2.13,0.0,45.0,4,True,2.41,2.83,3.2614285714285716
2026-09-10,3,9,0,Sandwich Bread,Bakery,packs,54.68,0.0,2.07,0.0,45.0,4,True,2.13,2.19,3.161428571428572
2026-09-11,4,9,0,Sandwich Bread,Bakery,packs,50.26,0.0,4.42,0.0,45.0,4,True,2.07,4.61,3.144285714285714
2026-09-12,5,9,1,Sandwich Bread,Bakery,packs,57.66,10.68,3.27,0.0,45.0,4,True,4.42,3.94,3.117142857142857
2026-09-13,6,9,1,Sandwich Bread,Bakery,packs,52.55,0.0,5.12,0.0,45.0,4,True,3.27,3.73,3.0214285714285714
2026-09-14,0,9,0,Sandwich Bread,Bakery,packs,50.69,0.0,1.86,0.0,45.0,4,True,5.12,3.12,3.22
2026-09-15,1,9,0,Sandwich Bread,Bakery,packs,47.3,0.0,3.39,0.0,45.0,4,True,1.86,2.41,3.04
2026-09-16,2,9,0,Sandwich Bread,Bakery,packs,44.52,0.0,2.79,0.0,45.0,4,True,3.39,2.13,3.18
2026-09-17,3,9,0,Sandwich Bread,Bakery,packs,41.86,0.0,2.66,0.0,45.0,4,True,2.79,2.07,3.2742857142857145
2026-09-18,4,9,0,Sandwich Bread,Bakery,packs,46.12,7.98,3.72,0.0,45.0,4,True,2.66,4.42,3.358571428571429
2026-09-19,5,9,1,Sandwich Bread,Bakery,packs,41.82,0.0,4.29,0.0,45.0,4,True,3.72,3.27,3.258571428571429
2026-09-20,6,9,1,Sandwich Bread,Bakery,packs,37.8,0.0,4.03,0.0,45.0,4,True,4.29,5.12,3.4042857142857144
2026-09-21,0,9,0,Sandwich Bread,Bakery,packs,34.65,0.0,3.15,0.0,45.0,4,True,4.03,1.86,3.2485714285714287
2026-09-22,1,9,0,Sandwich Bread,Bakery,packs,31.9,0.0,2.75,0.0,45.0,4,True,3.15,3.39,3.432857142857143
2026-09-23,2,9,0,Sandwich Bread,Bakery,packs,29.14,0.0,2.76,0.0,45.0,4,True,2.75,2.79,3.3414285714285716
2026-09-24,3,9,0,Sandwich Bread,Bakery,packs,26.59,0.0,2.55,0.0,45.0,4,True,2.76,2.66,3.3371428571428576
2026-09-25,4,9,0,Sandwich Bread,Bakery,packs,22.1,0.0,4.02,0.47,45.0,4,True,2.55,3.72,3.3214285714285716
2026-09-26,5,9,1,Sandwich Bread,Bakery,packs,17.87,0.0,4.24,0.0,45.0,4,True,4.02,4.29,3.364285714285714
2026-09-27,6,9,1,Sandwich Bread,Bakery,packs,28.73,13.87,3.01,0.0,45.0,4,True,4.24,4.03,3.357142857142857
2026-09-28,0,9,0,Sandwich Bread,Bakery,packs,26.57,0.0,2.15,0.0,45.0,4,True,3.01,3.15,3.211428571428571
2026-09-29,1,9,0,Sandwich Bread,Bakery,packs,23.57,0.0,3.0,0.0,45.0,4,True,2.15,2.75,3.0685714285714285
2026-04-02,3,4,0,Croissants,Bakery,packs,8.81,5.7,1.38,0.0,90.0,3,True,1.6743093922651935,1.6743093922651935,1.6743093922651935
2026-04-03,4,4,0,Croissants,Bakery,packs,6.84,0.0,1.97,0.0,90.0,3,True,1.38,1.6743093922651935,1.38
2026-04-04,5,4,1,Croissants,Bakery,packs,4.81,0.0,2.03,0.0,90.0,3,True,1.97,1.6743093922651935,1.6749999999999998
2026-04-05,6,4,1,Croissants,Bakery,packs,7.95,5.27,2.13,0.0,90.0,3,True,2.03,1.6743093922651935,1.7933333333333332
2026-04-06,0,4,0,Croissants,Bakery,packs,6.71,0.0,1.24,0.0,90.0,3,True,2.13,1.6743093922651935,1.8775
2026-04-07,1,4,0,Croissants,Bakery,packs,5.52,0.0,1.19,0.0,90.0,3,True,1.24,1.6743093922651935,1.75
2026-04-08,2,4,0,Croissants,Bakery,packs,4.13,0.0,1.39,0.0,90.0,3,True,1.19,1.6743093922651935,1.6566666666666665
2026-04-09,3,4,0,Croissants,Bakery,packs,2.98,0.0,1.15,0.0,90.0,3,True,1.39,1.38,1.6185714285714285
2026-04-10,4,4,0,Croissants,Bakery,packs,7.2,6.37,2.15,0.0,90.0,3,True,1.15,1.97,1.5857142857142854
2026-04-11,5,4,1,Croissants,Bakery,packs,5.69,0.0,1.51,0.0,90.0,3,True,2.15,2.03,1.6114285714285714
2026-04-12,6,4,1,Croissants,Bakery,packs,12.06,8.71,2.34,0.0,90.0,3,True,1.51,2.13,1.5371428571428571
2026-04-13,0,4,0,Croissants,Bakery,packs,10.62,0.0,1.45,0.0,90.0,3,True,2.34,1.24,1.567142857142857
2026-04-14,1,4,0,Croissants,Bakery,packs,8.87,0.0,1.4,0.35,90.0,3,True,1.45,1.19,1.5971428571428572
2026-04-15,2,4,0,Croissants,Bakery,packs,7.32,0.0,1.55,0.0,90.0,3,True,1.4,1.39,1.6271428571428572
2026-04-16,3,4,0,Croissants,Bakery,packs,5.63,0.0,1.69,0.0,90.0,3,True,1.55,1.15,1.65
2026-04-17,4,4,0,Croissants,Bakery,packs,3.3,0.0,2.33,0.0,90.0,3,True,1.69,2.15,1.727142857142857
2026-04-18,5,4,1,Croissants,Bakery,packs,1.83,0.0,1.47,0.0,90.0,3,True,2.33,1.51,1.752857142857143
2026-04-19,6,4,1,Croissants,Bakery,packs,7.95,7.76,1.64,0.0,90.0,3,True,1.47,2.34,1.747142857142857
2026-04-20,0,4,0,Croissants,Bakery,packs,6.73,0.0,1.22,0.0,90.0,3,True,1.64,1.45,1.6471428571428572
2026-04-21,1,4,0,Croissants,Bakery,packs,11.69,6.65,1.36,0.34,90.0,3,True,1.22,1.4,1.614285714285714
2026-04-22,2,4,0,Croissants,Bakery,packs,10.24,0.0,1.45,0.0,90.0,3,True,1.36,1.55,1.6085714285714285
2026-04-23,3,4,0,Croissants,Bakery,packs,9.03,0.0,1.2,0.0,90.0,3,True,1.45,1.69,1.5942857142857143
2026-04-24,4,4,0,Croissants,Bakery,packs,15.82,8.87,2.08,0.0,90.0,3,True,1.2,2.33,1.524285714285714
2026-04-25,5,4,1,Croissants,Bakery,packs,14.02,0.0,1.8,0.0,90.0,3,True,2.08,1.47,1.4885714285714289
2026-04-26,6,4,1,Croissants,Bakery,packs,12.18,0.0,1.84,0.0,90.0,3,True,1.8,1.64,1.5357142857142858
2026-04-27,0,4,0,Croissants,Bakery,packs,17.54,6.42,1.07,0.0,90.0,3,True,1.84,1.22,1.5642857142857143
2026-04-28,1,4,0,Croissants,Bakery,packs,20.85,4.47,1.16,0.0,90.0,3,True,1.07,1.36,1.542857142857143
2026-04-29,2,4,0,Croissants,Bakery,packs,19.77,0.0,1.08,0.0,90.0,3,True,1.16,1.45,1.5142857142857142
2026-04-30,3,4,0,Croissants,Bakery,packs,18.62,0.0,1.15,0.0,90.0,3,True,1.08,1.2,1.4614285714285715
2026-05-01,4,5,0,Croissants,Bakery,packs,16.28,0.0,2.35,0.0,90.0,3,True,1.15,2.08,1.4542857142857144
2026-05-02,5,5,1,Croissants,Bakery,packs,23.49,8.95,1.74,0.0,90.0,3,True,2.35,1.8,1.492857142857143
2026-05-03,6,5,1,Croissants,Bakery,packs,20.66,0.0,2.82,0.0,90.0,3,True,1.74,1.84,1.4842857142857144
2026-05-04,0,5,0,Croissants,Bakery,packs,19.22,0.0,1.45,0.0,90.0,3,True,2.82,1.07,1.6242857142857143
2026-05-05,1,5,0,Croissants,Bakery,packs,17.83,0.0,1.39,0.0,90.0,3,True,1.45,1.16,1.6785714285714286
2026-05-06,2,5,0,Croissants,Bakery,packs,16.65,0.0,1.18,0.0,90.0,3,True,1.39,1.08,1.7114285714285715
2026-05-07,3,5,0,Croissants,Bakery,packs,15.16,0.0,1.49,0.0,90.0,3,True,1.18,1.15,1.7257142857142858
2026-05-08,4,5,0,Croissants,Bakery,packs,13.31,0.0,1.85,0.0,90.0,3,True,1.49,2.35,1.774285714285714
2026-05-09,5,5,1,Croissants,Bakery,packs,11.25,0.0,2.06,0.0,90.0,3,True,1.85,1.74,1.7028571428571428
2026-05-10,6,5,1,Croissants,Bakery,packs,14.69,6.24,2.8,0.0,90.0,3,True,2.06,2.82,1.7485714285714284
2026-05-11,0,5,0,Croissants,Bakery,packs,13.36,0.0,1.33,0.0,90.0,3,True,2.8,1.45,1.7457142857142856
2026-05-12,1,5,0,Croissants,Bakery,packs,11.77,0.0,1.58,0.0,90.0,3,True,1.33,1.39,1.7285714285714284
2026-05-13,2,5,0,Croissants,Bakery,packs,10.57,0.0,1.21,0.0,90.0,3,True,1.58,1.18,1.7557142857142858
2026-05-14,3,5,0,Croissants,Bakery,packs,9.22,0.0,1.34,0.0,90.0,3,True,1.21,1.49,1.76
2026-05-15,4,5,0,Croissants,Bakery,packs,6.66,0.0,2.56,0.0,90.0,3,True,1.34,1.85,1.7385714285714289
2026-05-16,5,5,1,Croissants,Bakery,packs,4.12,0.0,1.83,0.71,90.0,3,True,2.56,2.06,1.8399999999999999
2026-05-17,6,5,1,Croissants,Bakery,packs,5.39,3.85,2.58,0.0,90.0,3,True,1.83,2.8,1.8071428571428574
2026-05-18,0,5,0,Croissants,Bakery,packs,11.27,7.38,1.49,0.0,90.0,3,True,2.58,1.33,1.7757142857142856
2026-05-19,1,5,0,Croissants,Bakery,packs,10.03,0.0,1.24,0.0,90.0,3,True,1.49,1.58,1.7985714285714285
2026-05-20,2,5,0,Croissants,Bakery,packs,8.56,0.0,1.48,0.0,90.0,3,True,1.24,1.21,1.75
2026-05-21,3,5,0,Croissants,Bakery,packs,11.48,4.47,1.55,0.0,90.0,3,True,1.48,1.34,1.7885714285714285
2026-05-22,4,5,0,Croissants,Bakery,packs,9.27,0.0,2.21,0.0,90.0,3,True,1.55,2.56,1.8185714285714287
2026-05-23,5,5,1,Croissants,Bakery,packs,7.72,0.0,1.55,0.0,90.0,3,True,2.21,1.83,1.7685714285714287
2026-05-24,6,5,1,Croissants,Bakery,packs,14.46,8.54,1.8,0.0,90.0,3,True,1.55,2.58,1.7285714285714289
2026-05-25,0,5,0,Croissants,Bakery,packs,13.16,0.0,1.3,0.0,90.0,3,True,1.8,1.49,1.617142857142857
2026-05-26,1,5,0,Croissants,Bakery,packs,11.82,0.0,1.33,0.0,90.0,3,True,1.3,1.24,1.59
2026-05-27,2,5,0,Croissants,Bakery,packs,10.35,0.0,1.48,0.0,90.0,3,True,1.33,1.48,1.602857142857143
2026-05-28,3,5,0,Croissants,Bakery,packs,14.0,5.04,1.39,0.0,90.0,3,True,1.48,1.55,1.602857142857143
2026-05-29,4,5,0,Croissants,Bakery,packs,21.24,8.86,1.62,0.0,90.0,3,True,1.39,2.21,1.5799999999999998
2026-05-30,5,5,1,Croissants,Bakery,packs,19.1,0.0,2.14,0.0,90.0,3,True,1.62,1.55,1.4957142857142858
2026-05-31,6,5,1,Croissants,Bakery,packs,16.89,0.0,2.21,0.0,90.0,3,True,2.14,1.8,1.5799999999999998
2026-06-01,0,6,0,Croissants,Bakery,packs,15.43,0.0,1.46,0.0,90.0,3,True,2.21,1.3,1.6385714285714286
2026-06-02,1,6,0,Croissants,Bakery,packs,13.86,0.0,1.57,0.0,90.0,3,True,1.46,1.33,1.6614285714285713
2026-06-03,2,6,0,Croissants,Bakery,packs,19.64,7.3,1.52,0.0,90.0,3,True,1.57,1.48,1.6957142857142855
2026-06-04,3,6,0,Croissants,Bakery,packs,18.2,0.0,1.44,0.0,90.0,3,True,1.52,1.39,1.7014285714285715
2026-06-05,4,6,0,Croissants,Bakery,packs,16.2,0.0,2.0,0.0,90.0,3,True,1.44,1.62,1.7085714285714286
2026-06-06,5,6,1,Croissants,Bakery,packs,14.68,0.0,1.52,0.0,90.0,3,True,2.0,2.14,1.762857142857143
2026-06-07,6,6,1,Croissants,Bakery,packs,12.52,0.0,2.16,0.0,90.0,3,True,1.52,2.21,1.6742857142857142
2026-06-08,0,6,0,Croissants,Bakery,packs,11.13,0.0,1.39,0.0,90.0,3,True,2.16,1.46,1.667142857142857
2026-06-09,1,6,0,Croissants,Bakery,packs,9.72,0.0,1.4,0.0,90.0,3,True,1.39,1.57,1.6571428571428573
2026-06-10,2,6,0,Croissants,Bakery,packs,8.63,0.0,1.09,0.0,90.0,3,True,1.4,1.52,1.6328571428571428
2026-06-11,3,6,0,Croissants,Bakery,packs,7.5,0.0,1.13,0.0,90.0,3,True,1.09,1.44,1.5714285714285714
2026-06-12,4,6,0,Croissants,Bakery,packs,5.16,0.0,2.34,0.0,90.0,3,True,1.13,2.0,1.5271428571428571
2026-06-13,5,6,1,Croissants,Bakery,packs,10.41,7.27,2.01,0.0,90.0,3,True,2.34,1.52,1.5757142857142856
2026-06-14,6,6,1,Croissants,Bakery,packs,7.68,0.0,2.23,0.5,90.0,3,True,2.01,2.16,1.6457142857142857
2026-06-15,0,6,0,Croissants,Bakery,packs,5.87,0.0,1.36,0.45,90.0,3,True,2.23,1.39,1.6557142857142857
2026-06-16,1,6,0,Croissants,Bakery,packs,11.16,6.64,1.36,0.0,90.0,3,True,1.36,1.4,1.6514285714285712
2026-06-17,2,6,0,Croissants,Bakery,packs,9.62,0.0,1.54,0.0,90.0,3,True,1.36,1.09,1.6457142857142857
2026-06-18,3,6,0,Croissants,Bakery,packs,8.37,0.0,1.25,0.0,90.0,3,True,1.54,1.13,1.7100000000000002
2026-06-19,4,6,0,Croissants,Bakery,packs,15.13,8.81,2.05,0.0,90.0,3,True,1.25,2.34,1.727142857142857
2026-06-20,5,6,1,Croissants,Bakery,packs,13.24,0.0,1.88,0.0,90.0,3,True,2.05,2.01,1.6857142857142857
2026-06-21,6,6,1,Croissants,Bakery,packs,18.11,6.76,1.89,0.0,90.0,3,True,1.88,2.23,1.667142857142857
2026-06-22,0,6,0,Croissants,Bakery,packs,16.83,0.0,1.29,0.0,90.0,3,True,1.89,1.36,1.6185714285714285
2026-06-23,1,6,0,Croissants,Bakery,packs,15.43,0.0,1.39,0.0,90.0,3,True,1.29,1.36,1.6085714285714285
2026-06-24,2,6,0,Croissants,Bakery,packs,14.18,0.0,1.25,0.0,90.0,3,True,1.39,1.54,1.6128571428571428
2026-06-25,3,6,0,Croissants,Bakery,packs,12.57,0.0,1.6,0.0,90.0,3,True,1.25,1.25,1.5714285714285714
2026-06-26,4,6,0,Croissants,Bakery,packs,10.82,0.0,1.75,0.0,90.0,3,True,1.6,2.05,1.6214285714285714
2026-06-27,5,6,1,Croissants,Bakery,packs,8.85,0.0,1.97,0.0,90.0,3,True,1.75,1.88,1.5785714285714287
2026-06-28,6,6,1,Croissants,Bakery,packs,6.96,0.0,1.89,0.0,90.0,3,True,1.97,1.89,1.5914285714285714
2026-06-29,0,6,0,Croissants,Bakery,packs,11.4,6.73,1.64,0.65,90.0,3,True,1.89,1.29,1.5914285714285712
2026-06-30,1,6,0,Croissants,Bakery,packs,10.01,0.0,1.39,0.0,90.0,3,True,1.64,1.39,1.6414285714285715
2026-07-01,2,7,0,Croissants,Bakery,packs,8.45,0.0,1.56,0.0,90.0,3,True,1.39,1.25,1.6414285714285712
2026-07-02,3,7,0,Croissants,Bakery,packs,7.4,0.0,1.05,0.0,90.0,3,True,1.56,1.6,1.6857142857142855
2026-07-03,4,7,0,Croissants,Bakery,packs,5.3,0.0,2.11,0.0,90.0,3,True,1.05,1.75,1.6071428571428572
2026-07-04,5,7,1,Croissants,Bakery,packs,7.6,4.6,2.3,0.0,90.0,3,True,2.11,1.97,1.6585714285714286
2026-07-05,6,7,1,Croissants,Bakery,packs,5.55,0.0,2.05,0.0,90.0,3,True,2.3,1.89,1.7057142857142853
2026-07-06,0,7,0,Croissants,Bakery,packs,3.99,0.0,1.57,0.0,90.0,3,True,2.05,1.64,1.7285714285714284
2026-07-07,1,7,0,Croissants,Bakery,packs,2.74,0.0,1.25,0.0,90.0,3,True,1.57,1.39,1.7185714285714284
2026-07-08,2,7,0,Croissants,Bakery,packs,9.35,8.24,1.64,0.0,90.0,3,True,1.25,1.56,1.6985714285714286
2026-07-09,3,7,0,Croissants,Bakery,packs,7.54,0.0,1.82,0.0,90.0,3,True,1.64,1.05,1.7099999999999997
2026-07-10,4,7,0,Croissants,Bakery,packs,12.88,7.26,1.91,0.0,90.0,3,True,1.82,2.11,1.8199999999999998
2026-07-11,5,7,1,Croissants,Bakery,packs,16.44,5.45,1.89,0.0,90.0,3,True,1.91,2.3,1.7914285714285714
2026-07-12,6,7,1,Croissants,Bakery,packs,13.98,0.0,2.47,0.0,90.0,3,True,1.89,2.05,1.7328571428571427
2026-07-13,0,7,0,Croissants,Bakery,packs,12.31,0.0,1.67,0.0,90.0,3,True,2.47,1.57,1.792857142857143
2026-07-14,1,7,0,Croissants,Bakery,packs,11.06,0.0,1.24,0.0,90.0,3,True,1.67,1.25,1.807142857142857
2026-07-15,2,7,0,Croissants,Bakery,packs,16.98,7.18,1.26,0.0,90.0,3,True,1.24,1.64,1.8057142857142856
2026-07-16,3,7,0,Croissants,Bakery,packs,20.06,4.37,1.29,0.0,90.0,3,True,1.26,1.82,1.7514285714285716
2026-07-17,4,7,0,Croissants,Bakery,packs,18.44,0.0,1.62,0.0,90.0,3,True,1.29,1.91,1.6757142857142857
2026-07-18,5,7,1,Croissants,Bakery,packs,16.7,0.0,1.75,0.0,90.0,3,True,1.62,1.89,1.6342857142857146
2026-07-19,6,7,1,Croissants,Bakery,packs,14.34,0.0,1.72,0.64,90.0,3,True,1.75,2.47,1.6142857142857143
2026-07-20,0,7,0,Croissants,Bakery,packs,13.14,0.0,1.19,0.0,90.0,3,True,1.72,1.67,1.5071428571428573
2026-07-21,1,7,0,Croissants,Bakery,packs,16.25,4.45,1.34,0.0,90.0,3,True,1.19,1.24,1.4385714285714284
2026-07-22,2,7,0,Croissants,Bakery,packs,14.85,0.0,1.4,0.0,90.0,3,True,1.34,1.26,1.452857142857143
2026-07-23,3,7,0,Croissants,Bakery,packs,13.19,0.0,1.66,0.0,90.0,3,True,1.4,1.29,1.4728571428571426
2026-07-24,4,7,0,Croissants,Bakery,packs,11.47,0.0,1.72,0.0,90.0,3,True,1.66,1.62,1.5257142857142856
2026-07-25,5,7,1,Croissants,Bakery,packs,9.14,0.0,2.32,0.0,90.0,3,True,1.72,1.75,1.5399999999999998
2026-07-26,6,7,1,Croissants,Bakery,packs,14.89,7.71,1.96,0.0,90.0,3,True,2.32,1.72,1.6214285714285717
2026-07-27,0,7,0,Croissants,Bakery,packs,19.65,6.1,1.34,0.0,90.0,3,True,1.96,1.19,1.6557142857142857
2026-07-28,1,7,0,Croissants,Bakery,packs,24.49,6.71,1.49,0.39,90.0,3,True,1.34,1.34,1.6771428571428573
2026-07-29,2,7,0,Croissants,Bakery,packs,23.36,0.0,1.12,0.0,90.0,3,True,1.49,1.4,1.6985714285714284
2026-07-30,3,7,0,Croissants,Bakery,packs,27.41,5.47,1.43,0.0,90.0,3,True,1.12,1.66,1.6585714285714286
2026-07-31,4,7,0,Croissants,Bakery,packs,30.16,4.83,2.08,0.0,90.0,3,True,1.43,1.72,1.625714285714286
2026-08-01,5,8,1,Croissants,Bakery,packs,34.42,6.43,2.17,0.0,90.0,3,True,2.08,2.32,1.6771428571428568
2026-08-02,6,8,1,Croissants,Bakery,packs,32.3,0.0,2.11,0.0,90.0,3,True,2.17,1.96,1.6557142857142857
2026-08-03,0,8,0,Croissants,Bakery,packs,30.02,0.0,1.85,0.44,90.0,3,True,2.11,1.34,1.6771428571428573
2026-08-04,1,8,0,Croissants,Bakery,packs,28.79,0.0,1.22,0.0,90.0,3,True,1.85,1.49,1.75
2026-08-05,2,8,0,Croissants,Bakery,packs,27.55,0.0,1.24,0.0,90.0,3,True,1.22,1.12,1.7114285714285715
2026-08-06,3,8,0,Croissants,Bakery,packs,26.33,0.0,1.22,0.0,90.0,3,True,1.24,1.43,1.7285714285714282
2026-08-07,4,8,0,Croissants,Bakery,packs,29.29,5.56,1.86,0.74,90.0,3,True,1.22,2.08,1.6985714285714284
2026-08-08,5,8,1,Croissants,Bakery,packs,26.76,0.0,1.83,0.7,90.0,3,True,1.86,2.17,1.6671428571428568
2026-08-09,6,8,1,Croissants,Bakery,packs,30.27,5.9,2.39,0.0,90.0,3,True,1.83,2.11,1.6185714285714288
2026-08-10,0,8,0,Croissants,Bakery,packs,28.63,0.0,1.64,0.0,90.0,3,True,2.39,1.85,1.6585714285714286
2026-08-11,1,8,0,Croissants,Bakery,packs,27.4,0.0,1.23,0.0,90.0,3,True,1.64,1.22,1.6285714285714286
2026-08-12,2,8,0,Croissants,Bakery,packs,26.22,0.0,1.18,0.0,90.0,3,True,1.23,1.24,1.6300000000000001
2026-08-13,3,8,0,Croissants,Bakery,packs,24.77,0.0,1.45,0.0,90.0,3,True,1.18,1.22,1.6214285714285717
2026-08-14,4,8,0,Croissants,Bakery,packs,22.91,0.0,1.86,0.0,90.0,3,True,1.45,1.86,1.6542857142857144
2026-08-15,5,8,1,Croissants,Bakery,packs,20.7,0.0,2.22,0.0,90.0,3,True,1.86,1.83,1.6542857142857141
2026-08-16,6,8,1,Croissants,Bakery,packs,18.61,0.0,2.09,0.0,90.0,3,True,2.22,2.39,1.7100000000000002
2026-08-17,0,8,0,Croissants,Bakery,packs,24.14,6.57,1.04,0.0,90.0,3,True,2.09,1.64,1.667142857142857
2026-08-18,1,8,0,Croissants,Bakery,packs,22.47,0.0,1.66,0.0,90.0,3,True,1.04,1.23,1.5814285714285714
2026-08-19,2,8,0,Croissants,Bakery,packs,24.63,3.87,1.71,0.0,90.0,3,True,1.66,1.18,1.6428571428571428
2026-08-20,3,8,0,Croissants,Bakery,packs,23.4,0.0,1.23,0.0,90.0,3,True,1.71,1.45,1.7185714285714284
2026-08-21,4,8,0,Croissants,Bakery,packs,21.5,0.0,1.91,0.0,90.0,3,True,1.23,1.86,1.6871428571428573
2026-08-22,5,8,1,Croissants,Bakery,packs,24.95,5.57,2.11,0.0,90.0,3,True,1.91,2.22,1.6942857142857142
2026-08-23,6,8,1,Croissants,Bakery,packs,22.83,0.0,2.13,0.0,90.0,3,True,2.11,2.09,1.6785714285714286
2026-08-24,0,8,0,Croissants,Bakery,packs,29.34,8.0,1.48,0.0,90.0,3,True,2.13,1.04,1.6842857142857142
2026-08-25,1,8,0,Croissants,Bakery,packs,27.58,0.0,1.76,0.0,90.0,3,True,1.48,1.66,1.7471428571428569
2026-08-26,2,8,0,Croissants,Bakery,packs,30.96,4.83,1.31,0.14,90.0,3,True,1.76,1.71,1.7614285714285711
2026-08-27,3,8,0,Croissants,Bakery,packs,29.77,0.0,1.19,0.0,90.0,3,True,1.31,1.23,1.7042857142857142
2026-08-28,4,8,0,Croissants,Bakery,packs,35.81,7.64,1.61,0.0,90.0,3,True,1.19,1.91,1.6985714285714284
2026-08-29,5,8,1,Croissants,Bakery,packs,38.89,4.89,1.8,0.0,90.0,3,True,1.61,2.11,1.6557142857142857
2026-08-30,6,8,1,Croissants,Bakery,packs,43.27,6.4,2.01,0.0,90.0,3,True,1.8,2.13,1.6114285714285714
2026-08-31,0,8,0,Croissants,Bakery,packs,41.56,0.0,1.71,0.0,90.0,3,True,2.01,1.48,1.5942857142857143
2026-09-01,1,9,0,Croissants,Bakery,packs,40.32,0.0,1.25,0.0,90.0,3,True,1.71,1.76,1.6271428571428572
2026-09-02,2,9,0,Croissants,Bakery,packs,38.92,0.0,1.4,0.0,90.0,3,True,1.25,1.31,1.5542857142857145
2026-09-03,3,9,0,Croissants,Bakery,packs,37.57,0.0,1.35,0.0,90.0,3,True,1.4,1.19,1.5671428571428572
2026-09-04,4,9,0,Croissants,Bakery,packs,35.19,0.0,2.39,0.0,90.0,3,True,1.35,1.61,1.59
2026-09-05,5,9,1,Croissants,Bakery,packs,31.32,0.0,2.79,1.07,90.0,3,True,2.39,1.8,1.7014285714285715
2026-09-06,6,9,1,Croissants,Bakery,packs,29.46,0.0,1.86,0.0,90.0,3,True,2.79,2.01,1.842857142857143
2026-09-07,0,9,0,Croissants,Bakery,packs,28.21,0.0,1.25,0.0,90.0,3,True,1.86,1.71,1.8214285714285716
2026-09-08,1,9,0,Croissants,Bakery,packs,26.65,0.0,1.56,0.0,90.0,3,True,1.25,1.25,1.7557142857142858
2026-09-09,2,9,0,Croissants,Bakery,packs,25.16,0.0,1.49,0.0,90.0,3,True,1.56,1.4,1.8
2026-09-10,3,9,0,Croissants,Bakery,packs,23.44,0.0,1.72,0.0,90.0,3,True,1.49,1.35,1.8128571428571427
2026-09-11,4,9,0,Croissants,Bakery,packs,21.23,0.0,2.2,0.0,90.0,3,True,1.72,2.39,1.8657142857142859
2026-09-12,5,9,1,Croissants,Bakery,packs,19.32,0.0,1.92,0.0,90.0,3,True,2.2,2.79,1.8385714285714287
2026-09-13,6,9,1,Croissants,Bakery,packs,17.11,0.0,2.2,0.0,90.0,3,True,1.92,1.86,1.7142857142857142
2026-09-14,0,9,0,Croissants,Bakery,packs,15.54,0.0,1.57,0.0,90.0,3,True,2.2,1.25,1.762857142857143
2026-09-15,1,9,0,Croissants,Bakery,packs,14.02,0.0,1.52,0.0,90.0,3,True,1.57,1.56,1.8085714285714285
2026-09-16,2,9,0,Croissants,Bakery,packs,12.57,0.0,1.45,0.0,90.0,3,True,1.52,1.49,1.802857142857143
2026-09-17,3,9,0,Croissants,Bakery,packs,11.0,0.0,1.57,0.0,90.0,3,True,1.45,1.72,1.7971428571428574
2026-09-18,4,9,0,Croissants,Bakery,packs,13.44,4.82,2.38,0.0,90.0,3,True,1.57,2.2,1.7757142857142856
2026-09-19,5,9,1,Croissants,Bakery,packs,11.0,0.0,2.44,0.0,90.0,3,True,2.38,1.92,1.8014285714285716
2026-09-20,6,9,1,Croissants,Bakery,packs,16.33,7.55,2.22,0.0,90.0,3,True,2.44,2.2,1.875714285714286
2026-09-21,0,9,0,Croissants,Bakery,packs,15.01,0.0,1.32,0.0,90.0,3,True,2.22,1.57,1.8785714285714286
2026-09-22,1,9,0,Croissants,Bakery,packs,13.63,0.0,1.38,0.0,90.0,3,True,1.32,1.52,1.842857142857143
2026-09-23,2,9,0,Croissants,Bakery,packs,19.79,7.75,1.59,0.0,90.0,3,True,1.38,1.45,1.8228571428571427
2026-09-24,3,9,0,Croissants,Bakery,packs,18.6,0.0,1.18,0.0,90.0,3,True,1.59,1.57,1.8428571428571427
2026-09-25,4,9,0,Croissants,Bakery,packs,16.47,0.0,2.14,0.0,90.0,3,True,1.18,2.38,1.7871428571428574
2026-09-26,5,9,1,Croissants,Bakery,packs,13.83,0.0,1.91,0.73,90.0,3,True,2.14,2.44,1.752857142857143
2026-09-27,6,9,1,Croissants,Bakery,packs,10.99,0.0,2.03,0.81,90.0,3,True,1.91,2.22,1.6771428571428573
2026-09-28,0,9,0,Croissants,Bakery,packs,9.38,0.0,1.61,0.0,90.0,3,True,2.03,1.32,1.6500000000000001
2026-09-29,1,9,0,Croissants,Bakery,packs,7.99,0.0,1.39,0.0,90.0,3,True,1.61,1.38,1.6914285714285715
2026-04-02,3,4,0,Fresh Spinach,Produce,kg,3.77,0.0,1.63,0.0,50.0,4,True,1.9941436464088398,1.9941436464088398,1.9941436464088398
2026-04-03,4,4,0,Fresh Spinach,Produce,kg,1.83,0.0,1.93,0.0,50.0,4,True,1.63,1.9941436464088398,1.63
2026-04-04,5,4,1,Fresh Spinach,Produce,kg,6.99,7.86,2.7,0.0,50.0,4,True,1.93,1.9941436464088398,1.7799999999999998
2026-04-05,6,4,1,Fresh Spinach,Produce,kg,4.33,0.0,2.67,0.0,50.0,4,True,2.7,1.9941436464088398,2.0866666666666664
2026-04-06,0,4,0,Fresh Spinach,Produce,kg,1.33,0.0,2.15,0.85,50.0,4,True,2.67,1.9941436464088398,2.2325
2026-04-07,1,4,0,Fresh Spinach,Produce,kg,7.25,7.46,1.55,0.0,50.0,4,True,2.15,1.9941436464088398,2.216
2026-04-08,2,4,0,Fresh Spinach,Produce,kg,5.57,0.0,1.67,0.0,50.0,4,True,1.55,1.9941436464088398,2.105
2026-04-09,3,4,0,Fresh Spinach,Produce,kg,3.89,0.0,1.68,0.0,50.0,4,True,1.67,1.63,2.0428571428571427
2026-04-10,4,4,0,Fresh Spinach,Produce,kg,6.78,5.89,3.0,0.0,50.0,4,True,1.68,1.93,2.05
2026-04-11,5,4,1,Fresh Spinach,Produce,kg,4.39,0.0,2.4,0.0,50.0,4,True,3.0,2.7,2.2028571428571424
2026-04-12,6,4,1,Fresh Spinach,Produce,kg,1.85,0.0,2.53,0.0,50.0,4,True,2.4,2.67,2.1599999999999997
2026-04-13,0,4,0,Fresh Spinach,Produce,kg,5.55,5.46,1.77,0.0,50.0,4,True,2.53,2.15,2.14
2026-04-14,1,4,0,Fresh Spinach,Produce,kg,3.88,0.0,1.67,0.0,50.0,4,True,1.77,1.55,2.085714285714286
2026-04-15,2,4,0,Fresh Spinach,Produce,kg,2.37,0.0,1.51,0.0,50.0,4,True,1.67,1.67,2.1028571428571428
2026-04-16,3,4,0,Fresh Spinach,Produce,kg,9.52,8.81,1.67,0.0,50.0,4,True,1.51,1.68,2.08
2026-04-17,4,4,0,Fresh Spinach,Produce,kg,6.7,0.0,2.82,0.0,50.0,4,True,1.67,3.0,2.0785714285714283
2026-04-18,5,4,1,Fresh Spinach,Produce,kg,4.64,0.0,2.06,0.0,50.0,4,True,2.82,2.4,2.052857142857143
2026-04-19,6,4,1,Fresh Spinach,Produce,kg,11.67,9.51,2.48,0.0,50.0,4,True,2.06,2.53,2.004285714285714
2026-04-20,0,4,0,Fresh Spinach,Produce,kg,10.22,0.0,1.45,0.0,50.0,4,True,2.48,1.77,1.997142857142857
2026-04-21,1,4,0,Fresh Spinach,Produce,kg,8.31,0.0,1.91,0.0,50.0,4,True,1.45,1.67,1.9514285714285713
2026-04-22,2,4,0,Fresh Spinach,Produce,kg,6.92,0.0,1.25,0.14,50.0,4,True,1.91,1.51,1.9857142857142855
2026-04-23,3,4,0,Fresh Spinach,Produce,kg,5.44,0.0,1.48,0.0,50.0,4,True,1.25,1.67,1.9485714285714284
2026-04-24,4,4,0,Fresh Spinach,Produce,kg,2.87,0.0,2.57,0.0,50.0,4,True,1.48,2.82,1.9214285714285713
2026-04-25,5,4,1,Fresh Spinach,Produce,kg,6.97,7.1,3.0,0.0,50.0,4,True,2.57,2.06,1.8857142857142857
2026-04-26,6,4,1,Fresh Spinach,Produce,kg,12.9,8.96,2.41,0.61,50.0,4,True,3.0,2.48,2.02
2026-04-27,0,4,0,Fresh Spinach,Produce,kg,11.42,0.0,1.49,0.0,50.0,4,True,2.41,1.45,2.0100000000000002
2026-04-28,1,4,0,Fresh Spinach,Produce,kg,9.34,0.0,2.08,0.0,50.0,4,True,1.49,1.91,2.015714285714286
2026-04-29,2,4,0,Fresh Spinach,Produce,kg,8.07,0.0,1.27,0.0,50.0,4,True,2.08,1.25,2.04
2026-04-30,3,4,0,Fresh Spinach,Produce,kg,14.68,7.98,1.09,0.28,50.0,4,True,1.27,1.48,2.042857142857143
2026-05-01,4,5,0,Fresh Spinach,Produce,kg,12.09,0.0,2.59,0.0,50.0,4,True,1.09,2.57,1.987142857142857
2026-05-02,5,5,1,Fresh Spinach,Produce,kg,19.47,9.62,2.25,0.0,50.0,4,True,2.59,3.0,1.99
2026-05-03,6,5,1,Fresh Spinach,Produce,kg,17.41,0.0,2.06,0.0,50.0,4,True,2.25,2.41,1.8828571428571428
2026-05-04,0,5,0,Fresh Spinach,Produce,kg,20.73,5.11,1.79,0.0,50.0,4,True,2.06,1.49,1.832857142857143
2026-05-05,1,5,0,Fresh Spinach,Produce,kg,26.86,7.82,1.68,0.0,50.0,4,True,1.79,2.08,1.8757142857142857
2026-05-06,2,5,0,Fresh Spinach,Produce,kg,25.38,0.0,1.48,0.0,50.0,4,True,1.68,1.27,1.8185714285714287
2026-05-07,3,5,0,Fresh Spinach,Produce,kg,24.07,0.0,1.31,0.0,50.0,4,True,1.48,1.09,1.8485714285714285
2026-05-08,4,5,0,Fresh Spinach,Produce,kg,21.32,0.0,2.75,0.0,50.0,4,True,1.31,2.59,1.8800000000000001
2026-05-09,5,5,1,Fresh Spinach,Produce,kg,27.47,8.81,2.67,0.0,50.0,4,True,2.75,2.25,1.9028571428571428
2026-05-10,6,5,1,Fresh Spinach,Produce,kg,25.07,0.0,2.39,0.0,50.0,4,True,2.67,2.06,1.9628571428571429
2026-05-11,0,5,0,Fresh Spinach,Produce,kg,22.56,0.0,2.07,0.44,50.0,4,True,2.39,1.79,2.0100000000000002
2026-05-12,1,5,0,Fresh Spinach,Produce,kg,21.06,0.0,1.36,0.14,50.0,4,True,2.07,1.68,2.0500000000000003
2026-05-13,2,5,0,Fresh Spinach,Produce,kg,27.46,7.65,1.25,0.0,50.0,4,True,1.36,1.48,2.0042857142857144
2026-05-14,3,5,0,Fresh Spinach,Produce,kg,26.01,0.0,1.45,0.0,50.0,4,True,1.25,1.31,1.9714285714285715
2026-05-15,4,5,0,Fresh Spinach,Produce,kg,22.98,0.0,2.41,0.62,50.0,4,True,1.45,2.75,1.9914285714285713
2026-05-16,5,5,1,Fresh Spinach,Produce,kg,26.29,5.83,2.52,0.0,50.0,4,True,2.41,2.67,1.9428571428571428
2026-05-17,6,5,1,Fresh Spinach,Produce,kg,23.95,0.0,2.34,0.0,50.0,4,True,2.52,2.39,1.9214285714285713
2026-05-18,0,5,0,Fresh Spinach,Produce,kg,27.21,4.97,1.71,0.0,50.0,4,True,2.34,2.07,1.9142857142857141
2026-05-19,1,5,0,Fresh Spinach,Produce,kg,25.9,0.0,1.32,0.0,50.0,4,True,1.71,1.36,1.8628571428571428
2026-05-20,2,5,0,Fresh Spinach,Produce,kg,34.28,10.35,1.97,0.0,50.0,4,True,1.32,1.25,1.8571428571428572
2026-05-21,3,5,0,Fresh Spinach,Produce,kg,32.68,0.0,1.6,0.0,50.0,4,True,1.97,1.45,1.9599999999999997
2026-05-22,4,5,0,Fresh Spinach,Produce,kg,29.84,0.0,2.84,0.0,50.0,4,True,1.6,2.41,1.9814285714285715
2026-05-23,5,5,1,Fresh Spinach,Produce,kg,26.9,0.0,2.55,0.38,50.0,4,True,2.84,2.52,2.042857142857143
2026-05-24,6,5,1,Fresh Spinach,Produce,kg,34.07,9.76,2.6,0.0,50.0,4,True,2.55,2.34,2.047142857142857
2026-05-25,0,5,0,Fresh Spinach,Produce,kg,32.31,0.0,1.76,0.0,50.0,4,True,2.6,1.71,2.084285714285714
2026-05-26,1,5,0,Fresh Spinach,Produce,kg,30.58,0.0,1.73,0.0,50.0,4,True,1.76,1.32,2.0914285714285716
2026-05-27,2,5,0,Fresh Spinach,Produce,kg,28.8,0.0,1.78,0.0,50.0,4,True,1.73,1.97,2.15
2026-05-28,3,5,0,Fresh Spinach,Produce,kg,26.86,0.0,1.94,0.0,50.0,4,True,1.78,1.6,2.1228571428571428
2026-05-29,4,5,0,Fresh Spinach,Produce,kg,31.61,7.25,2.5,0.0,50.0,4,True,1.94,2.84,2.1714285714285713
2026-05-30,5,5,1,Fresh Spinach,Produce,kg,28.92,0.0,2.69,0.0,50.0,4,True,2.5,2.55,2.1228571428571428
2026-05-31,6,5,1,Fresh Spinach,Produce,kg,26.53,0.0,2.4,0.0,50.0,4,True,2.69,2.6,2.142857142857143
2026-06-01,0,6,0,Fresh Spinach,Produce,kg,24.2,0.0,1.97,0.36,50.0,4,True,2.4,1.76,2.1142857142857143
2026-06-02,1,6,0,Fresh Spinach,Produce,kg,22.74,0.0,1.46,0.0,50.0,4,True,1.97,1.73,2.144285714285714
2026-06-03,2,6,0,Fresh Spinach,Produce,kg,20.68,0.0,2.06,0.0,50.0,4,True,1.46,1.78,2.105714285714286
2026-06-04,3,6,0,Fresh Spinach,Produce,kg,19.07,0.0,1.61,0.0,50.0,4,True,2.06,1.94,2.1457142857142855
2026-06-05,4,6,0,Fresh Spinach,Produce,kg,16.61,0.0,1.91,0.55,50.0,4,True,1.61,2.5,2.0985714285714283
2026-06-06,5,6,1,Fresh Spinach,Produce,kg,14.14,0.0,2.48,0.0,50.0,4,True,1.91,2.69,2.0142857142857142
2026-06-07,6,6,1,Fresh Spinach,Produce,kg,17.43,5.47,2.18,0.0,50.0,4,True,2.48,2.4,1.9842857142857144
2026-06-08,0,6,0,Fresh Spinach,Produce,kg,15.6,0.0,1.82,0.0,50.0,4,True,2.18,1.97,1.9528571428571428
2026-06-09,1,6,0,Fresh Spinach,Produce,kg,13.99,0.0,1.46,0.15,50.0,4,True,1.82,1.46,1.9314285714285713
2026-06-10,2,6,0,Fresh Spinach,Produce,kg,12.48,0.0,1.51,0.0,50.0,4,True,1.46,2.06,1.9314285714285717
2026-06-11,3,6,0,Fresh Spinach,Produce,kg,11.32,0.0,1.16,0.0,50.0,4,True,1.51,1.61,1.852857142857143
2026-06-12,4,6,0,Fresh Spinach,Produce,kg,16.38,7.33,2.27,0.0,50.0,4,True,1.16,1.91,1.7885714285714287
2026-06-13,5,6,1,Fresh Spinach,Produce,kg,14.52,0.0,1.55,0.32,50.0,4,True,2.27,2.48,1.84
2026-06-14,6,6,1,Fresh Spinach,Produce,kg,20.93,8.27,1.85,0.0,50.0,4,True,1.55,2.18,1.7071428571428573
2026-06-15,0,6,0,Fresh Spinach,Produce,kg,19.13,0.0,1.8,0.0,50.0,4,True,1.85,1.82,1.6600000000000001
2026-06-16,1,6,0,Fresh Spinach,Produce,kg,16.64,0.0,1.81,0.67,50.0,4,True,1.8,1.46,1.6571428571428573
2026-06-17,2,6,0,Fresh Spinach,Produce,kg,14.92,0.0,1.72,0.0,50.0,4,True,1.81,1.51,1.707142857142857
2026-06-18,3,6,0,Fresh Spinach,Produce,kg,13.54,0.0,1.39,0.0,50.0,4,True,1.72,1.16,1.737142857142857
2026-06-19,4,6,0,Fresh Spinach,Produce,kg,11.12,0.0,2.41,0.0,50.0,4,True,1.39,2.27,1.77
2026-06-20,5,6,1,Fresh Spinach,Produce,kg,8.7,0.0,2.43,0.0,50.0,4,True,2.41,1.55,1.7900000000000003
2026-06-21,6,6,1,Fresh Spinach,Produce,kg,13.93,7.24,2.01,0.0,50.0,4,True,2.43,1.85,1.9157142857142857
2026-06-22,0,6,0,Fresh Spinach,Produce,kg,11.59,0.0,1.99,0.35,50.0,4,True,2.01,1.8,1.9385714285714286
2026-06-23,1,6,0,Fresh Spinach,Produce,kg,18.2,8.44,1.83,0.0,50.0,4,True,1.99,1.81,1.9657142857142857
2026-06-24,2,6,0,Fresh Spinach,Produce,kg,21.8,5.17,1.57,0.0,50.0,4,True,1.83,1.72,1.9685714285714286
2026-06-25,3,6,0,Fresh Spinach,Produce,kg,20.18,0.0,1.63,0.0,50.0,4,True,1.57,1.39,1.947142857142857
2026-06-26,4,6,0,Fresh Spinach,Produce,kg,17.67,0.0,2.51,0.0,50.0,4,True,1.63,2.41,1.9814285714285713
2026-06-27,5,6,1,Fresh Spinach,Produce,kg,15.98,0.0,1.69,0.0,50.0,4,True,2.51,2.43,1.9957142857142858
2026-06-28,6,6,1,Fresh Spinach,Produce,kg,13.64,0.0,2.34,0.0,50.0,4,True,1.69,2.01,1.89
2026-06-29,0,6,0,Fresh Spinach,Produce,kg,12.19,0.0,1.45,0.0,50.0,4,True,2.34,1.99,1.937142857142857
2026-06-30,1,6,0,Fresh Spinach,Produce,kg,10.81,0.0,1.38,0.0,50.0,4,True,1.45,1.83,1.8599999999999999
2026-07-01,2,7,0,Fresh Spinach,Produce,kg,15.74,6.48,1.55,0.0,50.0,4,True,1.38,1.57,1.7957142857142856
2026-07-02,3,7,0,Fresh Spinach,Produce,kg,13.68,0.0,2.06,0.0,50.0,4,True,1.55,1.63,1.792857142857143
2026-07-03,4,7,0,Fresh Spinach,Produce,kg,11.02,0.0,2.66,0.0,50.0,4,True,2.06,2.51,1.8542857142857143
2026-07-04,5,7,1,Fresh Spinach,Produce,kg,8.8,0.0,2.22,0.0,50.0,4,True,2.66,1.69,1.8757142857142857
2026-07-05,6,7,1,Fresh Spinach,Produce,kg,6.16,0.0,2.64,0.0,50.0,4,True,2.22,2.34,1.9514285714285715
2026-07-06,0,7,0,Fresh Spinach,Produce,kg,3.67,0.0,1.96,0.53,50.0,4,True,2.64,1.45,1.9942857142857144
2026-07-07,1,7,0,Fresh Spinach,Produce,kg,1.83,0.0,1.84,0.0,50.0,4,True,1.96,1.38,2.067142857142857
2026-07-08,2,7,0,Fresh Spinach,Produce,kg,8.99,8.79,1.63,0.0,50.0,4,True,1.84,1.55,2.132857142857143
2026-07-09,3,7,0,Fresh Spinach,Produce,kg,7.52,0.0,1.46,0.0,50.0,4,True,1.63,2.06,2.144285714285714
2026-07-10,4,7,0,Fresh Spinach,Produce,kg,4.84,0.0,2.68,0.0,50.0,4,True,1.46,2.66,2.0585714285714287
2026-07-11,5,7,1,Fresh Spinach,Produce,kg,2.27,0.0,2.57,0.0,50.0,4,True,2.68,2.22,2.0614285714285714
2026-07-12,6,7,1,Fresh Spinach,Produce,kg,9.17,9.66,2.76,0.0,50.0,4,True,2.57,2.64,2.1114285714285717
2026-07-13,0,7,0,Fresh Spinach,Produce,kg,7.39,0.0,1.77,0.0,50.0,4,True,2.76,1.96,2.1285714285714286
2026-07-14,1,7,0,Fresh Spinach,Produce,kg,5.52,0.0,1.88,0.0,50.0,4,True,1.77,1.84,2.1014285714285714
2026-07-15,2,7,0,Fresh Spinach,Produce,kg,4.03,0.0,1.49,0.0,50.0,4,True,1.88,1.63,2.107142857142857
2026-07-16,3,7,0,Fresh Spinach,Produce,kg,1.32,0.0,1.94,0.77,50.0,4,True,1.49,1.46,2.087142857142857
2026-07-17,4,7,0,Fresh Spinach,Produce,kg,6.34,7.52,2.5,0.0,50.0,4,True,1.94,2.68,2.1557142857142857
2026-07-18,5,7,1,Fresh Spinach,Produce,kg,3.15,0.0,3.19,0.0,50.0,4,True,2.5,2.57,2.13
2026-07-19,6,7,1,Fresh Spinach,Produce,kg,9.83,8.86,2.18,0.0,50.0,4,True,3.19,2.76,2.2185714285714284
2026-07-20,0,7,0,Fresh Spinach,Produce,kg,7.79,0.0,2.04,0.0,50.0,4,True,2.18,1.77,2.1357142857142857
2026-07-21,1,7,0,Fresh Spinach,Produce,kg,6.12,0.0,1.67,0.0,50.0,4,True,2.04,1.88,2.174285714285714
2026-07-22,2,7,0,Fresh Spinach,Produce,kg,4.18,0.0,1.46,0.48,50.0,4,True,1.67,1.49,2.1442857142857146
2026-07-23,3,7,0,Fresh Spinach,Produce,kg,2.67,0.0,1.5,0.0,50.0,4,True,1.46,1.94,2.14
2026-07-24,4,7,0,Fresh Spinach,Produce,kg,8.03,8.58,2.31,0.91,50.0,4,True,1.5,2.5,2.077142857142857
2026-07-25,5,7,1,Fresh Spinach,Produce,kg,5.44,0.0,2.58,0.0,50.0,4,True,2.31,3.19,2.05
2026-07-26,6,7,1,Fresh Spinach,Produce,kg,2.82,0.0,2.62,0.0,50.0,4,True,2.58,2.18,1.9628571428571429
2026-07-27,0,7,0,Fresh Spinach,Produce,kg,1.08,0.0,1.48,0.26,50.0,4,True,2.62,2.04,2.025714285714286
2026-07-28,1,7,0,Fresh Spinach,Produce,kg,7.18,7.72,1.61,0.0,50.0,4,True,1.48,1.67,1.945714285714286
2026-07-29,2,7,0,Fresh Spinach,Produce,kg,5.04,0.0,2.14,0.0,50.0,4,True,1.61,1.46,1.937142857142857
2026-07-30,3,7,0,Fresh Spinach,Produce,kg,3.0,0.0,2.04,0.0,50.0,4,True,2.14,1.5,2.0342857142857143
2026-07-31,4,7,0,Fresh Spinach,Produce,kg,9.78,9.37,2.59,0.0,50.0,4,True,2.04,2.31,2.1114285714285717
2026-08-01,5,8,1,Fresh Spinach,Produce,kg,7.34,0.0,2.44,0.0,50.0,4,True,2.59,2.58,2.1514285714285712
2026-08-02,6,8,1,Fresh Spinach,Produce,kg,10.02,5.16,2.47,0.0,50.0,4,True,2.44,2.62,2.1314285714285712
2026-08-03,0,8,0,Fresh Spinach,Produce,kg,7.57,0.0,1.77,0.68,50.0,4,True,2.47,1.48,2.11
2026-08-04,1,8,0,Fresh Spinach,Produce,kg,12.67,6.46,1.37,0.0,50.0,4,True,1.77,1.61,2.1514285714285717
2026-08-05,2,8,0,Fresh Spinach,Produce,kg,18.65,7.54,1.56,0.0,50.0,4,True,1.37,2.14,2.117142857142857
2026-08-06,3,8,0,Fresh Spinach,Produce,kg,17.44,0.0,1.21,0.0,50.0,4,True,1.56,2.04,2.0342857142857143
2026-08-07,4,8,0,Fresh Spinach,Produce,kg,14.86,0.0,2.58,0.0,50.0,4,True,1.21,2.59,1.9157142857142857
2026-08-08,5,8,1,Fresh Spinach,Produce,kg,11.25,0.0,2.67,0.95,50.0,4,True,2.58,2.44,1.9142857142857141
2026-08-09,6,8,1,Fresh Spinach,Produce,kg,8.99,0.0,2.25,0.0,50.0,4,True,2.67,2.47,1.947142857142857
2026-08-10,0,8,0,Fresh Spinach,Produce,kg,17.69,10.7,2.0,0.0,50.0,4,True,2.25,1.77,1.9157142857142857
2026-08-11,1,8,0,Fresh Spinach,Produce,kg,21.87,5.51,1.32,0.0,50.0,4,True,2.0,1.37,1.9485714285714286
2026-08-12,2,8,0,Fresh Spinach,Produce,kg,20.61,0.0,1.26,0.0,50.0,4,True,1.32,1.56,1.9414285714285715
2026-08-13,3,8,0,Fresh Spinach,Produce,kg,18.94,0.0,1.67,0.0,50.0,4,True,1.26,1.21,1.8985714285714284
2026-08-14,4,8,0,Fresh Spinach,Produce,kg,16.12,0.0,2.81,0.0,50.0,4,True,1.67,2.58,1.9642857142857142
2026-08-15,5,8,1,Fresh Spinach,Produce,kg,21.45,8.37,3.04,0.0,50.0,4,True,2.81,2.67,1.997142857142857
2026-08-16,6,8,1,Fresh Spinach,Produce,kg,19.19,0.0,2.26,0.0,50.0,4,True,3.04,2.25,2.05
2026-08-17,0,8,0,Fresh Spinach,Produce,kg,17.3,0.0,1.88,0.0,50.0,4,True,2.26,2.0,2.0514285714285716
2026-08-18,1,8,0,Fresh Spinach,Produce,kg,15.69,0.0,1.61,0.0,50.0,4,True,1.88,1.32,2.0342857142857143
2026-08-19,2,8,0,Fresh Spinach,Produce,kg,19.26,5.14,1.58,0.0,50.0,4,True,1.61,1.26,2.075714285714286
2026-08-20,3,8,0,Fresh Spinach,Produce,kg,23.98,6.55,1.83,0.0,50.0,4,True,1.58,1.67,2.1214285714285714
2026-08-21,4,8,0,Fresh Spinach,Produce,kg,21.31,0.0,2.67,0.0,50.0,4,True,1.83,2.81,2.144285714285714
2026-08-22,5,8,1,Fresh Spinach,Produce,kg,19.45,0.0,1.86,0.0,50.0,4,True,2.67,3.04,2.1242857142857146
2026-08-23,6,8,1,Fresh Spinach,Produce,kg,16.48,0.0,2.97,0.0,50.0,4,True,1.86,2.26,1.9557142857142857
2026-08-24,0,8,0,Fresh Spinach,Produce,kg,14.53,0.0,1.96,0.0,50.0,4,True,2.97,1.88,2.057142857142857
2026-08-25,1,8,0,Fresh Spinach,Produce,kg,13.06,0.0,1.47,0.0,50.0,4,True,1.96,1.61,2.0685714285714285
2026-08-26,2,8,0,Fresh Spinach,Produce,kg,11.34,0.0,1.72,0.0,50.0,4,True,1.47,1.58,2.0485714285714285
2026-08-27,3,8,0,Fresh Spinach,Produce,kg,9.6,0.0,1.74,0.0,50.0,4,True,1.72,1.83,2.0685714285714285
2026-08-28,4,8,0,Fresh Spinach,Produce,kg,11.94,5.34,2.53,0.48,50.0,4,True,1.74,2.67,2.0557142857142856
2026-08-29,5,8,1,Fresh Spinach,Produce,kg,18.58,8.87,2.23,0.0,50.0,4,True,2.53,1.86,2.0357142857142856
2026-08-30,6,8,1,Fresh Spinach,Produce,kg,16.4,0.0,2.19,0.0,50.0,4,True,2.23,2.97,2.0885714285714285
2026-08-31,0,8,0,Fresh Spinach,Produce,kg,14.78,0.0,1.61,0.0,50.0,4,True,2.19,1.96,1.977142857142857
2026-09-01,1,9,0,Fresh Spinach,Produce,kg,12.88,0.0,1.9,0.0,50.0,4,True,1.61,1.47,1.9271428571428573
2026-09-02,2,9,0,Fresh Spinach,Produce,kg,11.13,0.0,1.75,0.0,50.0,4,True,1.9,1.72,1.9885714285714287
2026-09-03,3,9,0,Fresh Spinach,Produce,kg,9.6,0.0,1.53,0.0,50.0,4,True,1.75,1.74,1.992857142857143
2026-09-04,4,9,0,Fresh Spinach,Produce,kg,13.37,6.48,2.71,0.0,50.0,4,True,1.53,2.53,1.9628571428571429
2026-09-05,5,9,1,Fresh Spinach,Produce,kg,18.54,6.76,1.39,0.2,50.0,4,True,2.71,2.23,1.9885714285714289
2026-09-06,6,9,1,Fresh Spinach,Produce,kg,15.69,0.0,2.85,0.0,50.0,4,True,1.39,2.19,1.8685714285714285
2026-09-07,0,9,0,Fresh Spinach,Produce,kg,14.49,0.0,1.2,0.0,50.0,4,True,2.85,1.61,1.962857142857143
2026-09-08,1,9,0,Fresh Spinach,Produce,kg,12.96,0.0,1.53,0.0,50.0,4,True,1.2,1.9,1.9042857142857144
2026-09-09,2,9,0,Fresh Spinach,Produce,kg,11.61,0.0,1.35,0.0,50.0,4,True,1.53,1.75,1.8514285714285712
2026-09-10,3,9,0,Fresh Spinach,Produce,kg,15.0,4.69,1.31,0.0,50.0,4,True,1.35,1.53,1.794285714285714
2026-09-11,4,9,0,Fresh Spinach,Produce,kg,12.15,0.0,2.85,0.0,50.0,4,True,1.31,2.71,1.762857142857143
2026-09-12,5,9,1,Fresh Spinach,Produce,kg,9.89,0.0,2.26,0.0,50.0,4,True,2.85,1.39,1.782857142857143
2026-09-13,6,9,1,Fresh Spinach,Produce,kg,7.33,0.0,2.56,0.0,50.0,4,True,2.26,2.85,1.9071428571428573
2026-09-14,0,9,0,Fresh Spinach,Produce,kg,5.72,0.0,1.61,0.0,50.0,4,True,2.56,1.2,1.8657142857142854
2026-09-15,1,9,0,Fresh Spinach,Produce,kg,9.21,5.22,1.74,0.0,50.0,4,True,1.61,1.53,1.9242857142857144
2026-09-16,2,9,0,Fresh Spinach,Produce,kg,7.57,0.0,1.64,0.0,50.0,4,True,1.74,1.35,1.9542857142857142
2026-09-17,3,9,0,Fresh Spinach,Produce,kg,5.85,0.0,1.31,0.41,50.0,4,True,1.64,1.31,1.9957142857142856
2026-09-18,4,9,0,Fresh Spinach,Produce,kg,3.06,0.0,2.79,0.0,50.0,4,True,1.31,2.85,1.9957142857142858
2026-09-19,5,9,1,Fresh Spinach,Produce,kg,5.95,5.15,2.25,0.0,50.0,4,True,2.79,2.26,1.987142857142857
2026-09-20,6,9,1,Fresh Spinach,Produce,kg,4.09,0.0,1.86,0.0,50.0,4,True,2.25,2.56,1.9857142857142855
2026-09-21,0,9,0,Fresh Spinach,Produce,kg,2.57,0.0,1.52,0.0,50.0,4,True,1.86,1.61,1.885714285714286
2026-09-22,1,9,0,Fresh Spinach,Produce,kg,7.28,6.7,1.98,0.0,50.0,4,True,1.52,1.74,1.8728571428571428
2026-09-23,2,9,0,Fresh Spinach,Produce,kg,5.46,0.0,1.83,0.0,50.0,4,True,1.98,1.64,1.9071428571428573
2026-09-24,3,9,0,Fresh Spinach,Produce,kg,3.92,0.0,1.54,0.0,50.0,4,True,1.83,1.31,1.9342857142857144
2026-09-25,4,9,0,Fresh Spinach,Produce,kg,1.62,0.0,2.3,0.0,50.0,4,True,1.54,2.79,1.967142857142857
2026-09-26,5,9,1,Fresh Spinach,Produce,kg,6.02,6.71,2.31,0.0,50.0,4,True,2.3,2.25,1.8971428571428572
2026-09-27,6,9,1,Fresh Spinach,Produce,kg,2.83,0.0,3.19,0.0,50.0,4,True,2.31,1.86,1.905714285714286
2026-09-28,0,9,0,Fresh Spinach,Produce,kg,6.92,5.8,1.71,0.0,50.0,4,True,3.19,1.52,2.0957142857142856
2026-09-29,1,9,0,Fresh Spinach,Produce,kg,11.9,6.71,1.72,0.0,50.0,4,True,1.71,1.98,2.1228571428571428
2026-04-02,3,4,0,Ripe Tomatoes,Produce,kg,6.86,0.0,3.64,0.0,40.0,6,True,3.8750276243093924,3.8750276243093924,3.8750276243093924
2026-04-03,4,4,0,Ripe Tomatoes,Produce,kg,19.34,17.37,4.89,0.0,40.0,6,True,3.64,3.8750276243093924,3.64
2026-04-04,5,4,1,Ripe Tomatoes,Produce,kg,14.8,0.0,4.54,0.0,40.0,6,True,4.89,3.8750276243093924,4.265
2026-04-05,6,4,1,Ripe Tomatoes,Produce,kg,10.22,0.0,4.59,0.0,40.0,6,True,4.54,3.8750276243093924,4.3566666666666665
2026-04-06,0,4,0,Ripe Tomatoes,Produce,kg,27.64,20.54,3.12,0.0,40.0,6,True,4.59,3.8750276243093924,4.415
2026-04-07,1,4,0,Ripe Tomatoes,Produce,kg,24.51,0.0,3.13,0.0,40.0,6,True,3.12,3.8750276243093924,4.156000000000001
2026-04-08,2,4,0,Ripe Tomatoes,Produce,kg,21.02,0.0,3.49,0.0,40.0,6,True,3.13,3.8750276243093924,3.985
2026-04-09,3,4,0,Ripe Tomatoes,Produce,kg,17.84,0.0,3.17,0.0,40.0,6,True,3.49,3.64,3.914285714285714
2026-04-10,4,4,0,Ripe Tomatoes,Produce,kg,12.6,0.0,5.24,0.0,40.0,6,True,3.17,4.89,3.847142857142857
2026-04-11,5,4,1,Ripe Tomatoes,Produce,kg,7.93,0.0,4.67,0.0,40.0,6,True,5.24,4.54,3.8971428571428572
2026-04-12,6,4,1,Ripe Tomatoes,Produce,kg,3.15,0.0,4.78,0.0,40.0,6,True,4.67,4.59,3.915714285714286
2026-04-13,0,4,0,Ripe Tomatoes,Produce,kg,12.99,12.04,2.21,0.0,40.0,6,True,4.78,3.12,3.942857142857143
2026-04-14,1,4,0,Ripe Tomatoes,Produce,kg,9.4,0.0,3.58,0.0,40.0,6,True,2.21,3.13,3.8128571428571436
2026-04-15,2,4,0,Ripe Tomatoes,Produce,kg,5.25,0.0,3.31,0.84,40.0,6,True,3.58,3.49,3.8771428571428572
2026-04-16,3,4,0,Ripe Tomatoes,Produce,kg,13.79,12.16,3.62,0.0,40.0,6,True,3.31,3.17,3.8514285714285714
2026-04-17,4,4,0,Ripe Tomatoes,Produce,kg,11.11,0.0,2.67,0.0,40.0,6,True,3.62,5.24,3.915714285714286
2026-04-18,5,4,1,Ripe Tomatoes,Produce,kg,2.85,0.0,6.21,2.06,40.0,6,True,2.67,4.67,3.548571428571429
2026-04-19,6,4,1,Ripe Tomatoes,Produce,kg,15.95,17.73,4.63,0.0,40.0,6,True,6.21,4.78,3.768571428571429
2026-04-20,0,4,0,Ripe Tomatoes,Produce,kg,12.28,0.0,3.67,0.0,40.0,6,True,4.63,2.21,3.7471428571428573
2026-04-21,1,4,0,Ripe Tomatoes,Produce,kg,8.93,0.0,2.66,0.69,40.0,6,True,3.67,3.58,3.955714285714286
2026-04-22,2,4,0,Ripe Tomatoes,Produce,kg,19.5,14.01,3.44,0.0,40.0,6,True,2.66,3.31,3.8242857142857143
2026-04-23,3,4,0,Ripe Tomatoes,Produce,kg,16.85,0.0,2.65,0.0,40.0,6,True,3.44,3.62,3.842857142857143
2026-04-24,4,4,0,Ripe Tomatoes,Produce,kg,12.57,0.0,4.28,0.0,40.0,6,True,2.65,2.67,3.704285714285714
2026-04-25,5,4,1,Ripe Tomatoes,Produce,kg,6.48,0.0,6.08,0.0,40.0,6,True,4.28,6.21,3.9342857142857146
2026-04-26,6,4,1,Ripe Tomatoes,Produce,kg,14.85,12.96,4.59,0.0,40.0,6,True,6.08,4.63,3.9157142857142864
2026-04-27,0,4,0,Ripe Tomatoes,Produce,kg,21.57,9.97,3.25,0.0,40.0,6,True,4.59,3.67,3.9100000000000006
2026-04-28,1,4,0,Ripe Tomatoes,Produce,kg,18.01,0.0,3.56,0.0,40.0,6,True,3.25,2.66,3.8500000000000005
2026-04-29,2,4,0,Ripe Tomatoes,Produce,kg,14.63,0.0,3.38,0.0,40.0,6,True,3.56,3.44,3.9785714285714286
2026-04-30,3,4,0,Ripe Tomatoes,Produce,kg,31.89,20.49,3.22,0.0,40.0,6,True,3.38,2.65,3.97
2026-05-01,4,5,0,Ripe Tomatoes,Produce,kg,26.91,0.0,4.98,0.0,40.0,6,True,3.22,4.28,4.051428571428572
2026-05-02,5,5,1,Ripe Tomatoes,Produce,kg,20.48,0.0,6.43,0.0,40.0,6,True,4.98,6.08,4.151428571428572
2026-05-03,6,5,1,Ripe Tomatoes,Produce,kg,15.79,0.0,4.68,0.0,40.0,6,True,6.43,4.59,4.201428571428572
2026-05-04,0,5,0,Ripe Tomatoes,Produce,kg,12.55,0.0,3.25,0.0,40.0,6,True,4.68,3.25,4.214285714285714
2026-05-05,1,5,0,Ripe Tomatoes,Produce,kg,8.9,0.0,3.65,0.0,40.0,6,True,3.25,3.56,4.214285714285714
2026-05-06,2,5,0,Ripe Tomatoes,Produce,kg,18.84,13.61,3.67,0.0,40.0,6,True,3.65,3.38,4.227142857142858
2026-05-07,3,5,0,Ripe Tomatoes,Produce,kg,15.13,0.0,3.71,0.0,40.0,6,True,3.67,3.22,4.268571428571429
2026-05-08,4,5,0,Ripe Tomatoes,Produce,kg,9.95,0.0,5.18,0.0,40.0,6,True,3.71,4.98,4.338571428571429
2026-05-09,5,5,1,Ripe Tomatoes,Produce,kg,20.62,14.59,3.91,0.0,40.0,6,True,5.18,6.43,4.367142857142857
2026-05-10,6,5,1,Ripe Tomatoes,Produce,kg,30.0,17.08,5.88,1.82,40.0,6,True,3.91,4.68,4.007142857142857
2026-05-11,0,5,0,Ripe Tomatoes,Produce,kg,27.39,0.0,2.61,0.0,40.0,6,True,5.88,3.25,4.178571428571429
2026-05-12,1,5,0,Ripe Tomatoes,Produce,kg,24.1,0.0,3.29,0.0,40.0,6,True,2.61,3.65,4.087142857142857
2026-05-13,2,5,0,Ripe Tomatoes,Produce,kg,34.75,13.44,2.79,0.0,40.0,6,True,3.29,3.67,4.0357142857142865
2026-05-14,3,5,0,Ripe Tomatoes,Produce,kg,44.22,12.59,3.12,0.0,40.0,6,True,2.79,3.71,3.91
2026-05-15,4,5,0,Ripe Tomatoes,Produce,kg,57.48,18.22,4.96,0.0,40.0,6,True,3.12,5.18,3.825714285714286
2026-05-16,5,5,1,Ripe Tomatoes,Produce,kg,73.44,20.91,4.95,0.0,40.0,6,True,4.96,3.91,3.7942857142857145
2026-05-17,6,5,1,Ripe Tomatoes,Produce,kg,66.94,0.0,5.02,1.48,40.0,6,True,4.95,5.88,3.9428571428571435
2026-05-18,0,5,0,Ripe Tomatoes,Produce,kg,63.03,0.0,3.91,0.0,40.0,6,True,5.02,2.61,3.8200000000000003
2026-05-19,1,5,0,Ripe Tomatoes,Produce,kg,59.66,0.0,3.36,0.0,40.0,6,True,3.91,3.29,4.005714285714286
2026-05-20,2,5,0,Ripe Tomatoes,Produce,kg,56.63,0.0,3.03,0.0,40.0,6,True,3.36,2.79,4.015714285714286
2026-05-21,3,5,0,Ripe Tomatoes,Produce,kg,52.55,0.0,3.61,0.47,40.0,6,True,3.03,3.12,4.05
2026-05-22,4,5,0,Ripe Tomatoes,Produce,kg,46.99,0.0,5.57,0.0,40.0,6,True,3.61,4.96,4.12
2026-05-23,5,5,1,Ripe Tomatoes,Produce,kg,43.13,0.0,3.85,0.0,40.0,6,True,5.57,4.95,4.207142857142857
2026-05-24,6,5,1,Ripe Tomatoes,Produce,kg,37.98,0.0,5.15,0.0,40.0,6,True,3.85,5.02,4.05
2026-05-25,0,5,0,Ripe Tomatoes,Produce,kg,33.57,0.0,3.48,0.93,40.0,6,True,5.15,3.91,4.068571428571429
2026-05-26,1,5,0,Ripe Tomatoes,Produce,kg,30.56,0.0,3.01,0.0,40.0,6,True,3.48,3.36,4.007142857142857
2026-05-27,2,5,0,Ripe Tomatoes,Produce,kg,26.76,0.0,3.8,0.0,40.0,6,True,3.01,3.03,3.9571428571428577
2026-05-28,3,5,0,Ripe Tomatoes,Produce,kg,23.68,0.0,3.08,0.0,40.0,6,True,3.8,3.61,4.067142857142858
2026-05-29,4,5,0,Ripe Tomatoes,Produce,kg,18.87,0.0,4.81,0.0,40.0,6,True,3.08,5.57,3.9914285714285715
2026-05-30,5,5,1,Ripe Tomatoes,Produce,kg,14.27,0.0,4.6,0.0,40.0,6,True,4.81,3.85,3.882857142857143
2026-05-31,6,5,1,Ripe Tomatoes,Produce,kg,7.78,0.0,4.74,1.75,40.0,6,True,4.6,5.15,3.9899999999999998
2026-06-01,0,6,0,Ripe Tomatoes,Produce,kg,5.15,0.0,2.63,0.0,40.0,6,True,4.74,3.48,3.931428571428572
2026-06-02,1,6,0,Ripe Tomatoes,Produce,kg,17.55,14.87,2.47,0.0,40.0,6,True,2.63,3.01,3.81
2026-06-03,2,6,0,Ripe Tomatoes,Produce,kg,13.65,0.0,3.9,0.0,40.0,6,True,2.47,3.8,3.732857142857143
2026-06-04,3,6,0,Ripe Tomatoes,Produce,kg,10.9,0.0,2.75,0.0,40.0,6,True,3.9,3.08,3.7471428571428578
2026-06-05,4,6,0,Ripe Tomatoes,Produce,kg,26.17,19.29,4.02,0.0,40.0,6,True,2.75,4.81,3.6999999999999997
2026-06-06,5,6,1,Ripe Tomatoes,Produce,kg,22.97,0.0,3.2,0.0,40.0,6,True,4.02,4.6,3.587142857142857
2026-06-07,6,6,1,Ripe Tomatoes,Produce,kg,18.7,0.0,4.27,0.0,40.0,6,True,3.2,4.74,3.3871428571428575
2026-06-08,0,6,0,Ripe Tomatoes,Produce,kg,15.87,0.0,2.52,0.3,40.0,6,True,4.27,2.63,3.3200000000000003
2026-06-09,1,6,0,Ripe Tomatoes,Produce,kg,11.49,0.0,3.93,0.46,40.0,6,True,2.52,2.47,3.3042857142857147
2026-06-10,2,6,0,Ripe Tomatoes,Produce,kg,7.86,0.0,3.63,0.0,40.0,6,True,3.93,3.9,3.512857142857143
2026-06-11,3,6,0,Ripe Tomatoes,Produce,kg,5.03,0.0,2.82,0.0,40.0,6,True,3.63,2.75,3.474285714285714
2026-06-12,4,6,0,Ripe Tomatoes,Produce,kg,12.55,13.84,6.32,0.0,40.0,6,True,2.82,4.02,3.4842857142857144
2026-06-13,5,6,1,Ripe Tomatoes,Produce,kg,22.45,15.32,5.42,0.0,40.0,6,True,6.32,3.2,3.812857142857143
2026-06-14,6,6,1,Ripe Tomatoes,Produce,kg,17.96,0.0,4.49,0.0,40.0,6,True,5.42,4.27,4.130000000000001
2026-06-15,0,6,0,Ripe Tomatoes,Produce,kg,15.99,0.0,1.97,0.0,40.0,6,True,4.49,2.52,4.161428571428572
2026-06-16,1,6,0,Ripe Tomatoes,Produce,kg,11.76,0.0,4.23,0.0,40.0,6,True,1.97,3.93,4.082857142857143
2026-06-17,2,6,0,Ripe Tomatoes,Produce,kg,9.26,0.0,2.49,0.0,40.0,6,True,4.23,3.63,4.1257142857142854
2026-06-18,3,6,0,Ripe Tomatoes,Produce,kg,6.89,0.0,2.37,0.0,40.0,6,True,2.49,2.82,3.962857142857143
2026-06-19,4,6,0,Ripe Tomatoes,Produce,kg,11.0,9.56,5.45,0.0,40.0,6,True,2.37,6.32,3.8985714285714286
2026-06-20,5,6,1,Ripe Tomatoes,Produce,kg,4.55,0.0,6.45,0.0,40.0,6,True,5.45,5.42,3.7742857142857145
2026-06-21,6,6,1,Ripe Tomatoes,Produce,kg,6.99,9.46,5.71,1.31,40.0,6,True,6.45,4.49,3.9214285714285717
2026-06-22,0,6,0,Ripe Tomatoes,Produce,kg,3.57,0.0,3.42,0.0,40.0,6,True,5.71,1.97,4.095714285714286
2026-06-23,1,6,0,Ripe Tomatoes,Produce,kg,12.68,12.54,3.43,0.0,40.0,6,True,3.42,4.23,4.302857142857143
2026-06-24,2,6,0,Ripe Tomatoes,Produce,kg,8.02,0.0,3.55,1.11,40.0,6,True,3.43,2.49,4.188571428571429
2026-06-25,3,6,0,Ripe Tomatoes,Produce,kg,4.51,0.0,3.51,0.0,40.0,6,True,3.55,2.37,4.340000000000001
2026-06-26,4,6,0,Ripe Tomatoes,Produce,kg,20.01,20.42,4.92,0.0,40.0,6,True,3.51,5.45,4.502857142857144
2026-06-27,5,6,1,Ripe Tomatoes,Produce,kg,15.21,0.0,4.8,0.0,40.0,6,True,4.92,6.45,4.427142857142857
2026-06-28,6,6,1,Ripe Tomatoes,Produce,kg,20.84,10.3,4.68,0.0,40.0,6,True,4.8,5.71,4.191428571428571
2026-06-29,0,6,0,Ripe Tomatoes,Produce,kg,18.04,0.0,2.79,0.0,40.0,6,True,4.68,3.42,4.0442857142857145
2026-06-30,1,6,0,Ripe Tomatoes,Produce,kg,14.0,0.0,3.02,1.03,40.0,6,True,2.79,3.43,3.954285714285714
2026-07-01,2,7,0,Ripe Tomatoes,Produce,kg,10.9,0.0,2.35,0.74,40.0,6,True,3.02,3.55,3.8957142857142855
2026-07-02,3,7,0,Ripe Tomatoes,Produce,kg,7.07,0.0,3.1,0.73,40.0,6,True,2.35,3.51,3.724285714285714
2026-07-03,4,7,0,Ripe Tomatoes,Produce,kg,3.05,0.0,4.02,0.0,40.0,6,True,3.1,4.92,3.665714285714286
2026-07-04,5,7,1,Ripe Tomatoes,Produce,kg,14.8,15.69,3.94,0.0,40.0,6,True,4.02,4.8,3.537142857142858
2026-07-05,6,7,1,Ripe Tomatoes,Produce,kg,8.63,0.0,4.85,1.32,40.0,6,True,3.94,4.68,3.4142857142857146
2026-07-06,0,7,0,Ripe Tomatoes,Produce,kg,4.82,0.0,3.81,0.0,40.0,6,True,4.85,2.79,3.4385714285714286
2026-07-07,1,7,0,Ripe Tomatoes,Produce,kg,14.93,14.98,3.58,1.29,40.0,6,True,3.81,3.02,3.584285714285715
2026-07-08,2,7,0,Ripe Tomatoes,Produce,kg,27.05,14.53,2.41,0.0,40.0,6,True,3.58,2.35,3.664285714285714
2026-07-09,3,7,0,Ripe Tomatoes,Produce,kg,44.52,20.16,2.68,0.0,40.0,6,True,2.41,3.1,3.672857142857143
2026-07-10,4,7,0,Ripe Tomatoes,Produce,kg,39.13,0.0,5.39,0.0,40.0,6,True,2.68,4.02,3.6128571428571425
2026-07-11,5,7,1,Ripe Tomatoes,Produce,kg,35.1,0.0,4.03,0.0,40.0,6,True,5.39,3.94,3.8085714285714287
2026-07-12,6,7,1,Ripe Tomatoes,Produce,kg,30.54,0.0,4.57,0.0,40.0,6,True,4.03,4.85,3.8214285714285716
2026-07-13,0,7,0,Ripe Tomatoes,Produce,kg,27.13,0.0,3.41,0.0,40.0,6,True,4.57,3.81,3.7814285714285716
2026-07-14,1,7,0,Ripe Tomatoes,Produce,kg,37.75,13.32,2.69,0.0,40.0,6,True,3.41,3.58,3.7242857142857146
2026-07-15,2,7,0,Ripe Tomatoes,Produce,kg,34.55,0.0,3.2,0.0,40.0,6,True,2.69,2.41,3.5971428571428574
2026-07-16,3,7,0,Ripe Tomatoes,Produce,kg,32.03,0.0,2.52,0.0,40.0,6,True,3.2,2.68,3.7100000000000004
2026-07-17,4,7,0,Ripe Tomatoes,Produce,kg,26.7,0.0,4.3,1.03,40.0,6,True,2.52,5.39,3.6871428571428573
2026-07-18,5,7,1,Ripe Tomatoes,Produce,kg,21.75,0.0,4.95,0.0,40.0,6,True,4.3,4.03,3.5314285714285716
2026-07-19,6,7,1,Ripe Tomatoes,Produce,kg,18.16,0.0,3.6,0.0,40.0,6,True,4.95,4.57,3.6628571428571433
2026-07-20,0,7,0,Ripe Tomatoes,Produce,kg,26.01,11.21,3.36,0.0,40.0,6,True,3.6,3.41,3.5242857142857145
2026-07-21,1,7,0,Ripe Tomatoes,Produce,kg,22.86,0.0,3.14,0.0,40.0,6,True,3.36,2.69,3.517142857142858
2026-07-22,2,7,0,Ripe Tomatoes,Produce,kg,19.45,0.0,3.41,0.0,40.0,6,True,3.14,3.2,3.581428571428572
2026-07-23,3,7,0,Ripe Tomatoes,Produce,kg,16.2,0.0,3.26,0.0,40.0,6,True,3.41,2.52,3.611428571428572
2026-07-24,4,7,0,Ripe Tomatoes,Produce,kg,30.29,19.78,5.69,0.0,40.0,6,True,3.26,4.3,3.7171428571428575
2026-07-25,5,7,1,Ripe Tomatoes,Produce,kg,34.3,8.83,4.81,0.0,40.0,6,True,5.69,4.95,3.9157142857142864
2026-07-26,6,7,1,Ripe Tomatoes,Produce,kg,42.87,12.99,4.42,0.0,40.0,6,True,4.81,3.6,3.8957142857142855
2026-07-27,0,7,0,Ripe Tomatoes,Produce,kg,39.67,0.0,3.21,0.0,40.0,6,True,4.42,3.36,4.012857142857143
2026-07-28,1,7,0,Ripe Tomatoes,Produce,kg,53.06,16.8,3.41,0.0,40.0,6,True,3.21,3.14,3.991428571428572
2026-07-29,2,7,0,Ripe Tomatoes,Produce,kg,49.07,0.0,3.17,0.82,40.0,6,True,3.41,3.41,4.03
2026-07-30,3,7,0,Ripe Tomatoes,Produce,kg,59.42,14.78,3.17,1.26,40.0,6,True,3.17,3.26,3.995714285714286
2026-07-31,4,7,0,Ripe Tomatoes,Produce,kg,53.6,0.0,4.23,1.59,40.0,6,True,3.17,5.69,3.982857142857143
2026-08-01,5,8,1,Ripe Tomatoes,Produce,kg,49.34,0.0,4.26,0.0,40.0,6,True,4.23,4.81,3.7742857142857145
2026-08-02,6,8,1,Ripe Tomatoes,Produce,kg,45.61,0.0,3.73,0.0,40.0,6,True,4.26,4.42,3.6957142857142857
2026-08-03,0,8,0,Ripe Tomatoes,Produce,kg,41.13,0.0,3.98,0.51,40.0,6,True,3.73,3.21,3.5971428571428574
2026-08-04,1,8,0,Ripe Tomatoes,Produce,kg,56.67,18.79,2.56,0.69,40.0,6,True,3.98,3.41,3.7071428571428577
2026-08-05,2,8,0,Ripe Tomatoes,Produce,kg,53.85,0.0,2.82,0.0,40.0,6,True,2.56,3.17,3.585714285714286
2026-08-06,3,8,0,Ripe Tomatoes,Produce,kg,62.98,11.95,2.81,0.0,40.0,6,True,2.82,3.17,3.5357142857142856
2026-08-07,4,8,0,Ripe Tomatoes,Produce,kg,57.62,0.0,5.36,0.0,40.0,6,True,2.81,4.23,3.4842857142857144
2026-08-08,5,8,1,Ripe Tomatoes,Produce,kg,53.11,0.0,4.52,0.0,40.0,6,True,5.36,4.26,3.6457142857142864
2026-08-09,6,8,1,Ripe Tomatoes,Produce,kg,46.6,0.0,5.61,0.9,40.0,6,True,4.52,3.73,3.682857142857143
2026-08-10,0,8,0,Ripe Tomatoes,Produce,kg,43.77,0.0,2.83,0.0,40.0,6,True,5.61,3.98,3.951428571428572
2026-08-11,1,8,0,Ripe Tomatoes,Produce,kg,51.25,10.76,3.28,0.0,40.0,6,True,2.83,2.56,3.7871428571428574
2026-08-12,2,8,0,Ripe Tomatoes,Produce,kg,48.49,0.0,2.76,0.0,40.0,6,True,3.28,2.82,3.89
2026-08-13,3,8,0,Ripe Tomatoes,Produce,kg,44.33,0.0,4.16,0.0,40.0,6,True,2.76,2.81,3.8814285714285717
2026-08-14,4,8,0,Ripe Tomatoes,Produce,kg,40.45,0.0,3.88,0.0,40.0,6,True,4.16,5.36,4.074285714285715
2026-08-15,5,8,1,Ripe Tomatoes,Produce,kg,46.18,10.68,4.94,0.0,40.0,6,True,3.88,4.52,3.8628571428571434
2026-08-16,6,8,1,Ripe Tomatoes,Produce,kg,41.01,0.0,5.17,0.0,40.0,6,True,4.94,5.61,3.922857142857143
2026-08-17,0,8,0,Ripe Tomatoes,Produce,kg,56.65,18.99,3.35,0.0,40.0,6,True,5.17,2.83,3.8600000000000003
2026-08-18,1,8,0,Ripe Tomatoes,Produce,kg,65.38,11.79,3.06,0.0,40.0,6,True,3.35,3.28,3.9342857142857146
2026-08-19,2,8,0,Ripe Tomatoes,Produce,kg,62.29,0.0,3.09,0.0,40.0,6,True,3.06,2.76,3.9028571428571435
2026-08-20,3,8,0,Ripe Tomatoes,Produce,kg,59.12,0.0,3.17,0.0,40.0,6,True,3.09,4.16,3.95
2026-08-21,4,8,0,Ripe Tomatoes,Produce,kg,68.2,13.7,4.62,0.0,40.0,6,True,3.17,3.88,3.808571428571429
2026-08-22,5,8,1,Ripe Tomatoes,Produce,kg,62.8,0.0,5.41,0.0,40.0,6,True,4.62,4.94,3.9142857142857146
2026-08-23,6,8,1,Ripe Tomatoes,Produce,kg,56.5,0.0,6.29,0.0,40.0,6,True,5.41,5.17,3.9814285714285718
2026-08-24,0,8,0,Ripe Tomatoes,Produce,kg,62.51,8.9,2.89,0.0,40.0,6,True,6.29,3.35,4.1414285714285715
2026-08-25,1,8,0,Ripe Tomatoes,Produce,kg,60.01,0.0,2.5,0.0,40.0,6,True,2.89,3.06,4.075714285714286
2026-08-26,2,8,0,Ripe Tomatoes,Produce,kg,56.9,0.0,3.11,0.0,40.0,6,True,2.5,3.09,3.9957142857142856
2026-08-27,3,8,0,Ripe Tomatoes,Produce,kg,52.53,0.0,4.37,0.0,40.0,6,True,3.11,3.17,3.9985714285714287
2026-08-28,4,8,0,Ripe Tomatoes,Produce,kg,48.38,0.0,4.16,0.0,40.0,6,True,4.37,4.62,4.17
2026-08-29,5,8,1,Ripe Tomatoes,Produce,kg,41.79,0.0,5.89,0.7,40.0,6,True,4.16,5.41,4.104285714285714
2026-08-30,6,8,1,Ripe Tomatoes,Produce,kg,35.88,0.0,5.91,0.0,40.0,6,True,5.89,6.29,4.172857142857143
2026-08-31,0,8,0,Ripe Tomatoes,Produce,kg,52.83,19.84,2.89,0.0,40.0,6,True,5.91,2.89,4.118571428571429
2026-09-01,1,9,0,Ripe Tomatoes,Produce,kg,48.6,0.0,3.42,0.81,40.0,6,True,2.89,2.5,4.118571428571429
2026-09-02,2,9,0,Ripe Tomatoes,Produce,kg,60.46,15.78,3.92,0.0,40.0,6,True,3.42,3.11,4.25
2026-09-03,3,9,0,Ripe Tomatoes,Produce,kg,56.58,0.0,2.97,0.91,40.0,6,True,3.92,4.37,4.365714285714286
2026-09-04,4,9,0,Ripe Tomatoes,Produce,kg,63.38,11.38,4.58,0.0,40.0,6,True,2.97,4.16,4.1657142857142855
2026-09-05,5,9,1,Ripe Tomatoes,Produce,kg,59.06,0.0,4.31,0.0,40.0,6,True,4.58,5.89,4.225714285714286
2026-09-06,6,9,1,Ripe Tomatoes,Produce,kg,71.39,16.33,4.01,0.0,40.0,6,True,4.31,5.91,4.000000000000001
2026-09-07,0,9,0,Ripe Tomatoes,Produce,kg,68.55,0.0,2.84,0.0,40.0,6,True,4.01,2.89,3.7285714285714286
2026-09-08,1,9,0,Ripe Tomatoes,Produce,kg,65.51,0.0,2.57,0.47,40.0,6,True,2.84,3.42,3.721428571428572
2026-09-09,2,9,0,Ripe Tomatoes,Produce,kg,73.54,11.19,3.17,0.0,40.0,6,True,2.57,3.92,3.6
2026-09-10,3,9,0,Ripe Tomatoes,Produce,kg,70.75,0.0,2.79,0.0,40.0,6,True,3.17,2.97,3.4928571428571433
2026-09-11,4,9,0,Ripe Tomatoes,Produce,kg,65.86,0.0,4.89,0.0,40.0,6,True,2.79,4.58,3.467142857142857
2026-09-12,5,9,1,Ripe Tomatoes,Produce,kg,62.24,0.0,3.62,0.0,40.0,6,True,4.89,4.31,3.5114285714285716
2026-09-13,6,9,1,Ripe Tomatoes,Produce,kg,57.28,0.0,4.96,0.0,40.0,6,True,3.62,4.01,3.4128571428571433
2026-09-14,0,9,0,Ripe Tomatoes,Produce,kg,53.73,0.0,3.54,0.0,40.0,6,True,4.96,2.84,3.548571428571429
2026-09-15,1,9,0,Ripe Tomatoes,Produce,kg,51.53,0.0,2.21,0.0,40.0,6,True,3.54,2.57,3.648571428571429
2026-09-16,2,9,0,Ripe Tomatoes,Produce,kg,60.86,12.66,3.33,0.0,40.0,6,True,2.21,3.17,3.597142857142857
2026-09-17,3,9,0,Ripe Tomatoes,Produce,kg,57.13,0.0,3.73,0.0,40.0,6,True,3.33,2.79,3.6200000000000006
2026-09-18,4,9,0,Ripe Tomatoes,Produce,kg,74.15,20.9,3.87,0.0,40.0,6,True,3.73,4.89,3.7542857142857144
2026-09-19,5,9,1,Ripe Tomatoes,Produce,kg,68.24,0.0,5.91,0.0,40.0,6,True,3.87,3.62,3.608571428571429
2026-09-20,6,9,1,Ripe Tomatoes,Produce,kg,61.73,0.0,5.02,1.49,40.0,6,True,5.91,4.96,3.9357142857142864
2026-09-21,0,9,0,Ripe Tomatoes,Produce,kg,58.91,0.0,2.82,0.0,40.0,6,True,5.02,3.54,3.9442857142857144
2026-09-22,1,9,0,Ripe Tomatoes,Produce,kg,54.54,0.0,3.12,1.25,40.0,6,True,2.82,2.21,3.8414285714285716
2026-09-23,2,9,0,Ripe Tomatoes,Produce,kg,70.25,19.12,3.41,0.0,40.0,6,True,3.12,3.33,3.9714285714285715
2026-09-24,3,9,0,Ripe Tomatoes,Produce,kg,67.06,0.0,3.19,0.0,40.0,6,True,3.41,3.73,3.9828571428571427
2026-09-25,4,9,0,Ripe Tomatoes,Produce,kg,61.95,0.0,5.11,0.0,40.0,6,True,3.19,3.87,3.905714285714286
2026-09-26,5,9,1,Ripe Tomatoes,Produce,kg,57.88,0.0,4.07,0.0,40.0,6,True,5.11,5.91,4.082857142857143
2026-09-27,6,9,1,Ripe Tomatoes,Produce,kg,53.04,0.0,4.85,0.0,40.0,6,True,4.07,5.02,3.8200000000000003
2026-09-28,0,9,0,Ripe Tomatoes,Produce,kg,67.89,17.33,2.48,0.0,40.0,6,True,4.85,2.82,3.795714285714286
2026-09-29,1,9,0,Ripe Tomatoes,Produce,kg,64.79,0.0,3.1,0.0,40.0,6,True,2.48,3.12,3.7471428571428573
2026-04-02,3,4,0,Bananas,Produce,kg,18.0,13.11,1.71,0.0,60.0,5,True,2.431325966850829,2.431325966850829,2.431325966850829
2026-04-03,4,4,0,Bananas,Produce,kg,15.35,0.0,2.64,0.0,60.0,5,True,1.71,2.431325966850829,1.71
2026-04-04,5,4,1,Bananas,Produce,kg,11.23,0.0,3.52,0.6,60.0,5,True,2.64,2.431325966850829,2.175
2026-04-05,6,4,1,Bananas,Produce,kg,16.03,9.55,3.46,1.3,60.0,5,True,3.52,2.431325966850829,2.6233333333333335
2026-04-06,0,4,0,Bananas,Produce,kg,20.37,6.5,2.16,0.0,60.0,5,True,3.46,2.431325966850829,2.8325
2026-04-07,1,4,0,Bananas,Produce,kg,18.72,0.0,1.66,0.0,60.0,5,True,2.16,2.431325966850829,2.698
2026-04-08,2,4,0,Bananas,Produce,kg,16.31,0.0,1.89,0.52,60.0,5,True,1.66,2.431325966850829,2.525
2026-04-09,3,4,0,Bananas,Produce,kg,13.97,0.0,2.34,0.0,60.0,5,True,1.89,1.71,2.434285714285714
2026-04-10,4,4,0,Bananas,Produce,kg,10.94,0.0,3.03,0.0,60.0,5,True,2.34,2.64,2.524285714285714
2026-04-11,5,4,1,Bananas,Produce,kg,6.94,0.0,4.0,0.0,60.0,5,True,3.03,3.52,2.5799999999999996
2026-04-12,6,4,1,Bananas,Produce,kg,3.79,0.0,3.15,0.0,60.0,5,True,4.0,3.46,2.6485714285714286
2026-04-13,0,4,0,Bananas,Produce,kg,9.58,7.82,2.04,0.0,60.0,5,True,3.15,2.16,2.6042857142857145
2026-04-14,1,4,0,Bananas,Produce,kg,20.49,12.8,1.89,0.0,60.0,5,True,2.04,1.66,2.587142857142857
2026-04-15,2,4,0,Bananas,Produce,kg,18.47,0.0,2.02,0.0,60.0,5,True,1.89,1.89,2.62
2026-04-16,3,4,0,Bananas,Produce,kg,29.5,12.96,1.93,0.0,60.0,5,True,2.02,2.34,2.6385714285714283
2026-04-17,4,4,0,Bananas,Produce,kg,26.21,0.0,3.29,0.0,60.0,5,True,1.93,3.03,2.5799999999999996
2026-04-18,5,4,1,Bananas,Produce,kg,32.85,10.03,3.4,0.0,60.0,5,True,3.29,4.0,2.617142857142857
2026-04-19,6,4,1,Bananas,Produce,kg,30.23,0.0,2.62,0.0,60.0,5,True,3.4,3.15,2.531428571428571
2026-04-20,0,4,0,Bananas,Produce,kg,39.76,11.11,1.58,0.0,60.0,5,True,2.62,2.04,2.455714285714286
2026-04-21,1,4,0,Bananas,Produce,kg,38.33,0.0,1.43,0.0,60.0,5,True,1.58,1.89,2.39
2026-04-22,2,4,0,Bananas,Produce,kg,36.19,0.0,2.13,0.0,60.0,5,True,1.43,2.02,2.3242857142857143
2026-04-23,3,4,0,Bananas,Produce,kg,44.68,10.14,1.65,0.0,60.0,5,True,2.13,1.93,2.34
2026-04-24,4,4,0,Bananas,Produce,kg,42.67,0.0,2.01,0.0,60.0,5,True,1.65,3.29,2.3000000000000003
2026-04-25,5,4,1,Bananas,Produce,kg,39.53,0.0,3.14,0.0,60.0,5,True,2.01,3.4,2.117142857142857
2026-04-26,6,4,1,Bananas,Produce,kg,46.69,11.24,4.08,0.0,60.0,5,True,3.14,2.62,2.08
2026-04-27,0,4,0,Bananas,Produce,kg,44.71,0.0,1.98,0.0,60.0,5,True,4.08,1.58,2.2885714285714287
2026-04-28,1,4,0,Bananas,Produce,kg,41.78,0.0,2.23,0.7,60.0,5,True,1.98,1.43,2.3457142857142856
2026-04-29,2,4,0,Bananas,Produce,kg,39.77,0.0,2.0,0.0,60.0,5,True,2.23,2.13,2.46
2026-04-30,3,4,0,Bananas,Produce,kg,37.82,0.0,1.95,0.0,60.0,5,True,2.0,1.65,2.4414285714285713
2026-05-01,4,5,0,Bananas,Produce,kg,40.47,6.02,3.38,0.0,60.0,5,True,1.95,2.01,2.4842857142857144
2026-05-02,5,5,1,Bananas,Produce,kg,43.13,5.51,2.84,0.0,60.0,5,True,3.38,3.14,2.68
2026-05-03,6,5,1,Bananas,Produce,kg,40.05,0.0,3.09,0.0,60.0,5,True,2.84,4.08,2.6371428571428575
2026-05-04,0,5,0,Bananas,Produce,kg,37.97,0.0,2.08,0.0,60.0,5,True,3.09,1.98,2.4957142857142856
2026-05-05,1,5,0,Bananas,Produce,kg,36.19,0.0,1.78,0.0,60.0,5,True,2.08,2.23,2.5100000000000002
2026-05-06,2,5,0,Bananas,Produce,kg,43.11,9.19,2.27,0.0,60.0,5,True,1.78,2.0,2.4457142857142853
2026-05-07,3,5,0,Bananas,Produce,kg,41.18,0.0,1.93,0.0,60.0,5,True,2.27,1.95,2.4842857142857144
2026-05-08,4,5,0,Bananas,Produce,kg,44.61,6.07,2.63,0.0,60.0,5,True,1.93,3.38,2.4814285714285718
2026-05-09,5,5,1,Bananas,Produce,kg,41.4,0.0,3.21,0.0,60.0,5,True,2.63,2.84,2.3742857142857146
2026-05-10,6,5,1,Bananas,Produce,kg,38.44,0.0,2.57,0.39,60.0,5,True,3.21,3.09,2.4271428571428575
2026-05-11,0,5,0,Bananas,Produce,kg,36.45,0.0,1.99,0.0,60.0,5,True,2.57,2.08,2.3528571428571428
2026-05-12,1,5,0,Bananas,Produce,kg,34.48,0.0,1.98,0.0,60.0,5,True,1.99,1.78,2.34
2026-05-13,2,5,0,Bananas,Produce,kg,42.25,10.07,2.3,0.0,60.0,5,True,1.98,2.27,2.3685714285714283
2026-05-14,3,5,0,Bananas,Produce,kg,39.32,0.0,2.12,0.81,60.0,5,True,2.3,1.93,2.3728571428571428
2026-05-15,4,5,0,Bananas,Produce,kg,48.71,12.35,2.96,0.0,60.0,5,True,2.12,2.63,2.4
2026-05-16,5,5,1,Bananas,Produce,kg,52.46,7.08,3.33,0.0,60.0,5,True,2.96,3.21,2.4471428571428575
2026-05-17,6,5,1,Bananas,Produce,kg,48.87,0.0,3.59,0.0,60.0,5,True,3.33,2.57,2.4642857142857144
2026-05-18,0,5,0,Bananas,Produce,kg,46.72,0.0,2.15,0.0,60.0,5,True,3.59,1.99,2.61
2026-05-19,1,5,0,Bananas,Produce,kg,44.74,0.0,1.98,0.0,60.0,5,True,2.15,1.98,2.632857142857143
2026-05-20,2,5,0,Bananas,Produce,kg,53.05,9.9,1.59,0.0,60.0,5,True,1.98,2.3,2.632857142857143
2026-05-21,3,5,0,Bananas,Produce,kg,59.67,8.28,1.66,0.0,60.0,5,True,1.59,2.12,2.531428571428571
2026-05-22,4,5,0,Bananas,Produce,kg,56.83,0.0,2.83,0.0,60.0,5,True,1.66,2.96,2.4657142857142853
2026-05-23,5,5,1,Bananas,Produce,kg,54.14,0.0,2.7,0.0,60.0,5,True,2.83,3.33,2.447142857142857
2026-05-24,6,5,1,Bananas,Produce,kg,58.06,6.82,2.89,0.0,60.0,5,True,2.7,3.59,2.357142857142857
2026-05-25,0,5,0,Bananas,Produce,kg,68.06,12.0,2.0,0.0,60.0,5,True,2.89,2.15,2.257142857142857
2026-05-26,1,5,0,Bananas,Produce,kg,65.93,0.0,2.14,0.0,60.0,5,True,2.0,1.98,2.2357142857142858
2026-05-27,2,5,0,Bananas,Produce,kg,63.45,0.0,1.96,0.52,60.0,5,True,2.14,1.59,2.258571428571429
2026-05-28,3,5,0,Bananas,Produce,kg,73.64,12.32,2.12,0.0,60.0,5,True,1.96,1.66,2.3114285714285714
2026-05-29,4,5,0,Bananas,Produce,kg,70.64,0.0,3.0,0.0,60.0,5,True,2.12,2.83,2.3771428571428572
2026-05-30,5,5,1,Bananas,Produce,kg,68.55,0.0,2.09,0.0,60.0,5,True,3.0,2.7,2.4014285714285717
2026-05-31,6,5,1,Bananas,Produce,kg,65.17,0.0,2.55,0.83,60.0,5,True,2.09,2.89,2.314285714285714
2026-06-01,0,6,0,Bananas,Produce,kg,62.84,0.0,1.94,0.39,60.0,5,True,2.55,2.0,2.2657142857142856
2026-06-02,1,6,0,Bananas,Produce,kg,61.22,0.0,1.62,0.0,60.0,5,True,1.94,2.14,2.257142857142857
2026-06-03,2,6,0,Bananas,Produce,kg,59.07,0.0,2.16,0.0,60.0,5,True,1.62,1.96,2.182857142857143
2026-06-04,3,6,0,Bananas,Produce,kg,56.63,0.0,2.43,0.0,60.0,5,True,2.16,2.12,2.2114285714285713
2026-06-05,4,6,0,Bananas,Produce,kg,53.12,0.0,3.51,0.0,60.0,5,True,2.43,3.0,2.255714285714286
2026-06-06,5,6,1,Bananas,Produce,kg,50.24,0.0,2.87,0.0,60.0,5,True,3.51,2.09,2.3285714285714283
2026-06-07,6,6,1,Bananas,Produce,kg,46.61,0.0,3.63,0.0,60.0,5,True,2.87,2.55,2.44
2026-06-08,0,6,0,Bananas,Produce,kg,57.04,12.45,2.02,0.0,60.0,5,True,3.63,1.94,2.5942857142857143
2026-06-09,1,6,0,Bananas,Produce,kg,55.16,0.0,1.88,0.0,60.0,5,True,2.02,1.62,2.6057142857142854
2026-06-10,2,6,0,Bananas,Produce,kg,53.36,0.0,1.8,0.0,60.0,5,True,1.88,2.16,2.642857142857143
2026-06-11,3,6,0,Bananas,Produce,kg,51.47,0.0,1.89,0.0,60.0,5,True,1.8,2.43,2.5914285714285716
2026-06-12,4,6,0,Bananas,Produce,kg,48.67,0.0,2.8,0.0,60.0,5,True,1.89,3.51,2.5142857142857147
2026-06-13,5,6,1,Bananas,Produce,kg,45.62,0.0,3.05,0.0,60.0,5,True,2.8,2.87,2.412857142857143
2026-06-14,6,6,1,Bananas,Produce,kg,42.58,0.0,3.04,0.0,60.0,5,True,3.05,3.63,2.4385714285714286
2026-06-15,0,6,0,Bananas,Produce,kg,40.6,0.0,1.98,0.0,60.0,5,True,3.04,2.02,2.3542857142857145
2026-06-16,1,6,0,Bananas,Produce,kg,38.49,0.0,2.11,0.0,60.0,5,True,1.98,1.88,2.3485714285714288
2026-06-17,2,6,0,Bananas,Produce,kg,36.16,0.0,2.33,0.0,60.0,5,True,2.11,1.8,2.3814285714285712
2026-06-18,3,6,0,Bananas,Produce,kg,33.9,0.0,2.26,0.0,60.0,5,True,2.33,1.89,2.457142857142857
2026-06-19,4,6,0,Bananas,Produce,kg,31.09,0.0,2.31,0.5,60.0,5,True,2.26,2.8,2.5100000000000002
2026-06-20,5,6,1,Bananas,Produce,kg,29.26,0.0,1.83,0.0,60.0,5,True,2.31,3.05,2.44
2026-06-21,6,6,1,Bananas,Produce,kg,25.87,0.0,3.39,0.0,60.0,5,True,1.83,3.04,2.2657142857142856
2026-06-22,0,6,0,Bananas,Produce,kg,24.3,0.0,1.57,0.0,60.0,5,True,3.39,1.98,2.315714285714286
2026-06-23,1,6,0,Bananas,Produce,kg,22.38,0.0,1.91,0.0,60.0,5,True,1.57,2.11,2.257142857142857
2026-06-24,2,6,0,Bananas,Produce,kg,20.75,0.0,1.63,0.0,60.0,5,True,1.91,2.33,2.2285714285714286
2026-06-25,3,6,0,Bananas,Produce,kg,29.33,10.03,1.44,0.0,60.0,5,True,1.63,2.26,2.1285714285714286
2026-06-26,4,6,0,Bananas,Produce,kg,26.12,0.0,3.21,0.0,60.0,5,True,1.44,2.31,2.0114285714285716
2026-06-27,5,6,1,Bananas,Produce,kg,22.2,0.0,3.31,0.61,60.0,5,True,3.21,1.83,2.14
2026-06-28,6,6,1,Bananas,Produce,kg,19.49,0.0,2.71,0.0,60.0,5,True,3.31,3.39,2.3514285714285714
2026-06-29,0,6,0,Bananas,Produce,kg,18.28,0.0,1.21,0.0,60.0,5,True,2.71,1.57,2.254285714285714
2026-06-30,1,6,0,Bananas,Produce,kg,16.46,0.0,1.82,0.0,60.0,5,True,1.21,1.91,2.202857142857143
2026-07-01,2,7,0,Bananas,Produce,kg,21.99,7.62,2.1,0.0,60.0,5,True,1.82,1.63,2.19
2026-07-02,3,7,0,Bananas,Produce,kg,20.45,0.0,1.54,0.0,60.0,5,True,2.1,1.44,2.257142857142857
2026-07-03,4,7,0,Bananas,Produce,kg,29.74,12.35,3.05,0.0,60.0,5,True,1.54,3.21,2.2714285714285714
2026-07-04,5,7,1,Bananas,Produce,kg,38.02,11.24,2.96,0.0,60.0,5,True,3.05,3.31,2.2485714285714287
2026-07-05,6,7,1,Bananas,Produce,kg,33.68,0.0,3.23,1.11,60.0,5,True,2.96,2.71,2.198571428571429
2026-07-06,0,7,0,Bananas,Produce,kg,31.67,0.0,2.02,0.0,60.0,5,True,3.23,1.21,2.2728571428571427
2026-07-07,1,7,0,Bananas,Produce,kg,29.98,0.0,1.69,0.0,60.0,5,True,2.02,1.82,2.3885714285714283
2026-07-08,2,7,0,Bananas,Produce,kg,39.83,12.19,2.34,0.0,60.0,5,True,1.69,2.1,2.37
2026-07-09,3,7,0,Bananas,Produce,kg,37.9,0.0,1.93,0.0,60.0,5,True,2.34,1.54,2.404285714285714
2026-07-10,4,7,0,Bananas,Produce,kg,34.94,0.0,2.96,0.0,60.0,5,True,1.93,3.05,2.46
2026-07-11,5,7,1,Bananas,Produce,kg,32.39,0.0,2.55,0.0,60.0,5,True,2.96,2.96,2.447142857142857
2026-07-12,6,7,1,Bananas,Produce,kg,36.74,7.13,2.77,0.0,60.0,5,True,2.55,3.23,2.3885714285714283
2026-07-13,0,7,0,Bananas,Produce,kg,35.03,0.0,1.72,0.0,60.0,5,True,2.77,2.02,2.322857142857143
2026-07-14,1,7,0,Bananas,Produce,kg,33.1,0.0,1.93,0.0,60.0,5,True,1.72,1.69,2.2800000000000002
2026-07-15,2,7,0,Bananas,Produce,kg,30.61,0.0,2.49,0.0,60.0,5,True,1.93,2.34,2.314285714285714
2026-07-16,3,7,0,Bananas,Produce,kg,29.04,0.0,1.57,0.0,60.0,5,True,2.49,1.93,2.335714285714286
2026-07-17,4,7,0,Bananas,Produce,kg,38.84,12.05,2.25,0.0,60.0,5,True,1.57,2.96,2.2842857142857143
2026-07-18,5,7,1,Bananas,Produce,kg,42.2,6.98,3.63,0.0,60.0,5,True,2.25,2.55,2.182857142857143
2026-07-19,6,7,1,Bananas,Produce,kg,39.32,0.0,2.88,0.0,60.0,5,True,3.63,2.77,2.337142857142857
2026-07-20,0,7,0,Bananas,Produce,kg,37.54,0.0,1.78,0.0,60.0,5,True,2.88,1.72,2.3528571428571428
2026-07-21,1,7,0,Bananas,Produce,kg,35.25,0.0,2.29,0.0,60.0,5,True,1.78,1.93,2.3614285714285717
2026-07-22,2,7,0,Bananas,Produce,kg,33.45,0.0,1.8,0.0,60.0,5,True,2.29,2.49,2.412857142857143
2026-07-23,3,7,0,Bananas,Produce,kg,30.93,0.0,2.52,0.0,60.0,5,True,1.8,1.57,2.314285714285714
2026-07-24,4,7,0,Bananas,Produce,kg,36.03,8.37,3.27,0.0,60.0,5,True,2.52,2.25,2.4499999999999997
2026-07-25,5,7,1,Bananas,Produce,kg,45.48,12.2,2.75,0.0,60.0,5,True,3.27,3.63,2.595714285714286
2026-07-26,6,7,1,Bananas,Produce,kg,41.54,0.0,3.93,0.0,60.0,5,True,2.75,2.88,2.47
2026-07-27,0,7,0,Bananas,Produce,kg,39.74,0.0,1.8,0.0,60.0,5,True,3.93,1.78,2.62
2026-07-28,1,7,0,Bananas,Produce,kg,37.54,0.0,2.2,0.0,60.0,5,True,1.8,2.29,2.6228571428571428
2026-07-29,2,7,0,Bananas,Produce,kg,35.48,0.0,2.07,0.0,60.0,5,True,2.2,1.8,2.61
2026-07-30,3,7,0,Bananas,Produce,kg,33.11,0.0,2.37,0.0,60.0,5,True,2.07,2.52,2.6485714285714286
2026-07-31,4,7,0,Bananas,Produce,kg,29.44,0.0,3.67,0.0,60.0,5,True,2.37,3.27,2.6271428571428572
2026-08-01,5,8,1,Bananas,Produce,kg,26.46,0.0,2.98,0.0,60.0,5,True,3.67,2.75,2.684285714285714
2026-08-02,6,8,1,Bananas,Produce,kg,22.94,0.0,2.63,0.88,60.0,5,True,2.98,3.93,2.717142857142857
2026-08-03,0,8,0,Bananas,Produce,kg,20.04,0.0,2.12,0.79,60.0,5,True,2.63,1.8,2.531428571428571
2026-08-04,1,8,0,Bananas,Produce,kg,18.26,0.0,1.78,0.0,60.0,5,True,2.12,2.2,2.577142857142857
2026-08-05,2,8,0,Bananas,Produce,kg,23.12,7.44,2.58,0.0,60.0,5,True,1.78,2.07,2.5171428571428573
2026-08-06,3,8,0,Bananas,Produce,kg,21.1,0.0,2.02,0.0,60.0,5,True,2.58,2.37,2.5900000000000003
2026-08-07,4,8,0,Bananas,Produce,kg,18.3,0.0,2.81,0.0,60.0,5,True,2.02,3.67,2.54
2026-08-08,5,8,1,Bananas,Produce,kg,15.24,0.0,3.05,0.0,60.0,5,True,2.81,2.98,2.4171428571428573
2026-08-09,6,8,1,Bananas,Produce,kg,12.87,0.0,2.37,0.0,60.0,5,True,3.05,2.63,2.427142857142857
2026-08-10,0,8,0,Bananas,Produce,kg,11.18,0.0,1.69,0.0,60.0,5,True,2.37,2.12,2.39
2026-08-11,1,8,0,Bananas,Produce,kg,8.26,0.0,2.34,0.59,60.0,5,True,1.69,1.78,2.3285714285714287
2026-08-12,2,8,0,Bananas,Produce,kg,6.47,0.0,1.78,0.0,60.0,5,True,2.34,2.58,2.4085714285714284
2026-08-13,3,8,0,Bananas,Produce,kg,4.8,0.0,1.67,0.0,60.0,5,True,1.78,2.02,2.294285714285714
2026-08-14,4,8,0,Bananas,Produce,kg,11.78,10.19,3.21,0.0,60.0,5,True,1.67,2.81,2.244285714285714
2026-08-15,5,8,1,Bananas,Produce,kg,14.28,5.99,3.5,0.0,60.0,5,True,3.21,3.05,2.301428571428571
2026-08-16,6,8,1,Bananas,Produce,kg,10.99,0.0,3.29,0.0,60.0,5,True,3.5,2.37,2.3657142857142857
2026-08-17,0,8,0,Bananas,Produce,kg,8.71,0.0,2.28,0.0,60.0,5,True,3.29,1.69,2.4971428571428573
2026-08-18,1,8,0,Bananas,Produce,kg,6.96,0.0,1.76,0.0,60.0,5,True,2.28,2.34,2.5814285714285714
2026-08-19,2,8,0,Bananas,Produce,kg,16.79,11.39,1.56,0.0,60.0,5,True,1.76,1.78,2.498571428571428
2026-08-20,3,8,0,Bananas,Produce,kg,14.37,0.0,2.43,0.0,60.0,5,True,1.56,1.67,2.467142857142857
2026-08-21,4,8,0,Bananas,Produce,kg,11.54,0.0,2.83,0.0,60.0,5,True,2.43,3.21,2.575714285714286
2026-08-22,5,8,1,Bananas,Produce,kg,8.68,0.0,2.86,0.0,60.0,5,True,2.83,3.5,2.5214285714285714
2026-08-23,6,8,1,Bananas,Produce,kg,5.12,0.0,3.56,0.0,60.0,5,True,2.86,3.29,2.43
2026-08-24,0,8,0,Bananas,Produce,kg,2.97,0.0,2.15,0.0,60.0,5,True,3.56,2.28,2.468571428571429
2026-08-25,1,8,0,Bananas,Produce,kg,8.69,8.49,2.12,0.66,60.0,5,True,2.15,1.76,2.4499999999999997
2026-08-26,2,8,0,Bananas,Produce,kg,6.07,0.0,2.62,0.0,60.0,5,True,2.12,1.56,2.501428571428572
2026-08-27,3,8,0,Bananas,Produce,kg,4.28,0.0,1.79,0.0,60.0,5,True,2.62,2.43,2.652857142857143
2026-08-28,4,8,0,Bananas,Produce,kg,10.51,9.62,3.38,0.0,60.0,5,True,1.79,2.83,2.5614285714285714
2026-08-29,5,8,1,Bananas,Produce,kg,7.51,0.0,3.0,0.0,60.0,5,True,3.38,2.86,2.64
2026-08-30,6,8,1,Bananas,Produce,kg,4.43,0.0,3.09,0.0,60.0,5,True,3.0,3.56,2.66
2026-08-31,0,8,0,Bananas,Produce,kg,1.99,0.0,2.43,0.0,60.0,5,True,3.09,2.15,2.5928571428571425
2026-09-01,1,9,0,Bananas,Produce,kg,6.47,6.89,2.13,0.29,60.0,5,True,2.43,2.12,2.632857142857143
2026-09-02,2,9,0,Bananas,Produce,kg,4.33,0.0,2.14,0.0,60.0,5,True,2.13,2.62,2.634285714285714
2026-09-03,3,9,0,Bananas,Produce,kg,2.03,0.0,2.3,0.0,60.0,5,True,2.14,1.79,2.565714285714286
2026-09-04,4,9,0,Bananas,Produce,kg,9.95,10.73,2.81,0.0,60.0,5,True,2.3,3.38,2.6385714285714283
2026-09-05,5,9,1,Bananas,Produce,kg,15.59,8.24,2.6,0.0,60.0,5,True,2.81,3.0,2.557142857142857
2026-09-06,6,9,1,Bananas,Produce,kg,13.09,0.0,2.5,0.0,60.0,5,True,2.6,3.09,2.5
2026-09-07,0,9,0,Bananas,Produce,kg,11.69,0.0,1.4,0.0,60.0,5,True,2.5,2.43,2.415714285714286
2026-09-08,1,9,0,Bananas,Produce,kg,9.1,0.0,2.59,0.0,60.0,5,True,1.4,2.13,2.2685714285714282
2026-09-09,2,9,0,Bananas,Produce,kg,7.45,0.0,1.65,0.0,60.0,5,True,2.59,2.14,2.334285714285714
2026-09-10,3,9,0,Bananas,Produce,kg,5.53,0.0,1.91,0.0,60.0,5,True,1.65,2.3,2.2642857142857142
2026-09-11,4,9,0,Bananas,Produce,kg,15.04,12.35,2.85,0.0,60.0,5,True,1.91,2.81,2.2085714285714286
2026-09-12,5,9,1,Bananas,Produce,kg,11.93,0.0,3.11,0.0,60.0,5,True,2.85,2.6,2.2142857142857144
2026-09-13,6,9,1,Bananas,Produce,kg,7.41,0.0,3.33,1.19,60.0,5,True,3.11,2.5,2.287142857142857
2026-09-14,0,9,0,Bananas,Produce,kg,12.21,7.04,2.24,0.0,60.0,5,True,3.33,1.4,2.4057142857142857
2026-09-15,1,9,0,Bananas,Produce,kg,10.41,0.0,1.81,0.0,60.0,5,True,2.24,2.59,2.525714285714286
2026-09-16,2,9,0,Bananas,Produce,kg,8.48,0.0,1.93,0.0,60.0,5,True,1.81,1.65,2.4142857142857146
2026-09-17,3,9,0,Bananas,Produce,kg,6.41,0.0,2.06,0.0,60.0,5,True,1.93,1.91,2.454285714285714
2026-09-18,4,9,0,Bananas,Produce,kg,3.55,0.0,2.86,0.0,60.0,5,True,2.06,2.85,2.475714285714286
2026-09-19,5,9,1,Bananas,Produce,kg,6.73,6.86,3.69,0.0,60.0,5,True,2.86,3.11,2.4771428571428573
2026-09-20,6,9,1,Bananas,Produce,kg,11.15,7.61,3.19,0.0,60.0,5,True,3.69,3.33,2.56
2026-09-21,0,9,0,Bananas,Produce,kg,20.33,11.39,2.2,0.0,60.0,5,True,3.19,2.24,2.54
2026-09-22,1,9,0,Bananas,Produce,kg,17.54,0.0,2.18,0.62,60.0,5,True,2.2,1.81,2.5342857142857143
2026-09-23,2,9,0,Bananas,Produce,kg,15.21,0.0,2.33,0.0,60.0,5,True,2.18,1.93,2.587142857142857
2026-09-24,3,9,0,Bananas,Produce,kg,13.17,0.0,2.03,0.0,60.0,5,True,2.33,2.06,2.6442857142857146
2026-09-25,4,9,0,Bananas,Produce,kg,17.82,7.04,2.39,0.0,60.0,5,True,2.03,2.86,2.64
2026-09-26,5,9,1,Bananas,Produce,kg,22.65,7.98,3.15,0.0,60.0,5,True,2.39,3.69,2.5728571428571425
2026-09-27,6,9,1,Bananas,Produce,kg,30.68,10.71,2.68,0.0,60.0,5,True,3.15,3.19,2.4957142857142856
2026-09-28,0,9,0,Bananas,Produce,kg,39.7,10.84,1.82,0.0,60.0,5,True,2.68,2.2,2.422857142857143
2026-09-29,1,9,0,Bananas,Produce,kg,46.0,8.45,2.15,0.0,60.0,5,True,1.82,2.18,2.3685714285714283
2026-04-02,3,4,0,Chicken Breast,Meat & Seafood,kg,29.27,21.53,4.27,0.0,280.0,3,True,4.423922651933702,4.423922651933702,4.423922651933702
2026-04-03,4,4,0,Chicken Breast,Meat & Seafood,kg,23.85,0.0,5.42,0.0,280.0,3,True,4.27,4.423922651933702,4.27
2026-04-04,5,4,1,Chicken Breast,Meat & Seafood,kg,18.2,0.0,5.65,0.0,280.0,3,True,5.42,4.423922651933702,4.845
2026-04-05,6,4,1,Chicken Breast,Meat & Seafood,kg,11.42,0.0,6.78,0.0,280.0,3,True,5.65,4.423922651933702,5.113333333333333
2026-04-06,0,4,0,Chicken Breast,Meat & Seafood,kg,7.69,0.0,3.73,0.0,280.0,3,True,6.78,4.423922651933702,5.53
2026-04-07,1,4,0,Chicken Breast,Meat & Seafood,kg,2.68,0.0,5.0,0.0,280.0,3,True,3.73,4.423922651933702,5.17
2026-04-08,2,4,0,Chicken Breast,Meat & Seafood,kg,22.05,23.27,3.91,0.0,280.0,3,True,5.0,4.423922651933702,5.141666666666667
2026-04-09,3,4,0,Chicken Breast,Meat & Seafood,kg,19.4,0.0,2.65,0.0,280.0,3,True,3.91,4.27,4.965714285714285
2026-04-10,4,4,0,Chicken Breast,Meat & Seafood,kg,13.39,0.0,6.01,0.0,280.0,3,True,2.65,5.42,4.734285714285714
2026-04-11,5,4,1,Chicken Breast,Meat & Seafood,kg,7.68,0.0,5.71,0.0,280.0,3,True,6.01,5.65,4.8185714285714285
2026-04-12,6,4,1,Chicken Breast,Meat & Seafood,kg,13.6,12.37,6.44,0.0,280.0,3,True,5.71,6.78,4.827142857142857
2026-04-13,0,4,0,Chicken Breast,Meat & Seafood,kg,8.2,0.0,3.96,1.44,280.0,3,True,6.44,3.73,4.778571428571429
2026-04-14,1,4,0,Chicken Breast,Meat & Seafood,kg,4.68,0.0,3.53,0.0,280.0,3,True,3.96,5.0,4.811428571428571
2026-04-15,2,4,0,Chicken Breast,Meat & Seafood,kg,25.66,23.93,2.94,0.0,280.0,3,True,3.53,3.91,4.601428571428571
2026-04-16,3,4,0,Chicken Breast,Meat & Seafood,kg,21.11,0.0,3.49,1.07,280.0,3,True,2.94,2.65,4.4628571428571435
2026-04-17,4,4,0,Chicken Breast,Meat & Seafood,kg,16.39,0.0,4.71,0.0,280.0,3,True,3.49,6.01,4.582857142857143
2026-04-18,5,4,1,Chicken Breast,Meat & Seafood,kg,11.46,0.0,4.93,0.0,280.0,3,True,4.71,5.71,4.397142857142858
2026-04-19,6,4,1,Chicken Breast,Meat & Seafood,kg,25.32,19.73,5.88,0.0,280.0,3,True,4.93,6.44,4.285714285714286
2026-04-20,0,4,0,Chicken Breast,Meat & Seafood,kg,20.82,0.0,4.5,0.0,280.0,3,True,5.88,3.96,4.2057142857142855
2026-04-21,1,4,0,Chicken Breast,Meat & Seafood,kg,17.01,0.0,3.81,0.0,280.0,3,True,4.5,3.53,4.282857142857142
2026-04-22,2,4,0,Chicken Breast,Meat & Seafood,kg,14.05,0.0,2.95,0.0,280.0,3,True,3.81,2.94,4.322857142857143
2026-04-23,3,4,0,Chicken Breast,Meat & Seafood,kg,9.0,0.0,3.84,1.21,280.0,3,True,2.95,3.49,4.324285714285714
2026-04-24,4,4,0,Chicken Breast,Meat & Seafood,kg,13.44,11.65,6.37,0.84,280.0,3,True,3.84,4.71,4.3742857142857146
2026-04-25,5,4,1,Chicken Breast,Meat & Seafood,kg,21.33,12.8,4.91,0.0,280.0,3,True,6.37,4.93,4.611428571428571
2026-04-26,6,4,1,Chicken Breast,Meat & Seafood,kg,16.04,0.0,5.29,0.0,280.0,3,True,4.91,5.88,4.608571428571429
2026-04-27,0,4,0,Chicken Breast,Meat & Seafood,kg,12.43,0.0,3.61,0.0,280.0,3,True,5.29,4.5,4.524285714285714
2026-04-28,1,4,0,Chicken Breast,Meat & Seafood,kg,26.2,16.95,3.18,0.0,280.0,3,True,3.61,3.81,4.397142857142858
2026-04-29,2,4,0,Chicken Breast,Meat & Seafood,kg,22.25,0.0,3.95,0.0,280.0,3,True,3.18,2.95,4.307142857142857
2026-04-30,3,4,0,Chicken Breast,Meat & Seafood,kg,38.12,19.4,3.53,0.0,280.0,3,True,3.95,3.84,4.45
2026-05-01,4,5,0,Chicken Breast,Meat & Seafood,kg,32.38,0.0,5.74,0.0,280.0,3,True,3.53,6.37,4.405714285714286
2026-05-02,5,5,1,Chicken Breast,Meat & Seafood,kg,38.96,11.26,4.68,0.0,280.0,3,True,5.74,4.91,4.315714285714286
2026-05-03,6,5,1,Chicken Breast,Meat & Seafood,kg,33.03,0.0,5.05,0.89,280.0,3,True,4.68,5.29,4.282857142857143
2026-05-04,0,5,0,Chicken Breast,Meat & Seafood,kg,52.88,23.84,3.99,0.0,280.0,3,True,5.05,3.61,4.248571428571429
2026-05-05,1,5,0,Chicken Breast,Meat & Seafood,kg,48.96,0.0,3.4,0.52,280.0,3,True,3.99,3.18,4.302857142857143
2026-05-06,2,5,0,Chicken Breast,Meat & Seafood,kg,58.49,14.07,4.53,0.0,280.0,3,True,3.4,3.95,4.3342857142857145
2026-05-07,3,5,0,Chicken Breast,Meat & Seafood,kg,55.11,0.0,3.38,0.0,280.0,3,True,4.53,3.53,4.417142857142857
2026-05-08,4,5,0,Chicken Breast,Meat & Seafood,kg,68.16,20.61,5.58,1.98,280.0,3,True,3.38,5.74,4.395714285714286
2026-05-09,5,5,1,Chicken Breast,Meat & Seafood,kg,62.01,0.0,6.16,0.0,280.0,3,True,5.58,4.68,4.372857142857143
2026-05-10,6,5,1,Chicken Breast,Meat & Seafood,kg,57.76,0.0,4.25,0.0,280.0,3,True,6.16,5.05,4.5842857142857145
2026-05-11,0,5,0,Chicken Breast,Meat & Seafood,kg,55.11,0.0,2.65,0.0,280.0,3,True,4.25,3.99,4.47
2026-05-12,1,5,0,Chicken Breast,Meat & Seafood,kg,73.74,21.41,2.78,0.0,280.0,3,True,2.65,3.4,4.278571428571429
2026-05-13,2,5,0,Chicken Breast,Meat & Seafood,kg,69.46,0.0,4.28,0.0,280.0,3,True,2.78,4.53,4.1899999999999995
2026-05-14,3,5,0,Chicken Breast,Meat & Seafood,kg,66.16,0.0,3.3,0.0,280.0,3,True,4.28,3.38,4.154285714285714
2026-05-15,4,5,0,Chicken Breast,Meat & Seafood,kg,58.69,0.0,7.47,0.0,280.0,3,True,3.3,5.58,4.142857142857143
2026-05-16,5,5,1,Chicken Breast,Meat & Seafood,kg,53.74,0.0,4.94,0.0,280.0,3,True,7.47,6.16,4.412857142857143
2026-05-17,6,5,1,Chicken Breast,Meat & Seafood,kg,65.82,19.75,5.55,2.12,280.0,3,True,4.94,4.25,4.238571428571428
2026-05-18,0,5,0,Chicken Breast,Meat & Seafood,kg,77.21,15.82,4.43,0.0,280.0,3,True,5.55,2.65,4.424285714285714
2026-05-19,1,5,0,Chicken Breast,Meat & Seafood,kg,72.53,0.0,4.68,0.0,280.0,3,True,4.43,2.78,4.678571428571429
2026-05-20,2,5,0,Chicken Breast,Meat & Seafood,kg,83.13,15.32,4.71,0.0,280.0,3,True,4.68,4.28,4.95
2026-05-21,3,5,0,Chicken Breast,Meat & Seafood,kg,98.46,19.58,4.25,0.0,280.0,3,True,4.71,3.3,5.011428571428572
2026-05-22,4,5,0,Chicken Breast,Meat & Seafood,kg,92.23,0.0,6.23,0.0,280.0,3,True,4.25,7.47,5.147142857142858
2026-05-23,5,5,1,Chicken Breast,Meat & Seafood,kg,85.04,0.0,5.88,1.31,280.0,3,True,6.23,4.94,4.97
2026-05-24,6,5,1,Chicken Breast,Meat & Seafood,kg,92.67,13.66,6.03,0.0,280.0,3,True,5.88,5.55,5.104285714285714
2026-05-25,0,5,0,Chicken Breast,Meat & Seafood,kg,89.37,0.0,3.3,0.0,280.0,3,True,6.03,4.43,5.172857142857143
2026-05-26,1,5,0,Chicken Breast,Meat & Seafood,kg,86.21,0.0,3.16,0.0,280.0,3,True,3.3,4.68,5.011428571428572
2026-05-27,2,5,0,Chicken Breast,Meat & Seafood,kg,82.61,0.0,3.6,0.0,280.0,3,True,3.16,4.71,4.7942857142857145
2026-05-28,3,5,0,Chicken Breast,Meat & Seafood,kg,79.11,0.0,3.51,0.0,280.0,3,True,3.6,4.25,4.635714285714286
2026-05-29,4,5,0,Chicken Breast,Meat & Seafood,kg,74.07,0.0,5.03,0.0,280.0,3,True,3.51,6.23,4.53
2026-05-30,5,5,1,Chicken Breast,Meat & Seafood,kg,87.37,19.26,5.96,0.0,280.0,3,True,5.03,5.88,4.3585714285714285
2026-05-31,6,5,1,Chicken Breast,Meat & Seafood,kg,81.2,0.0,6.17,0.0,280.0,3,True,5.96,6.03,4.37
2026-06-01,0,6,0,Chicken Breast,Meat & Seafood,kg,77.55,0.0,3.65,0.0,280.0,3,True,6.17,3.3,4.39
2026-06-02,1,6,0,Chicken Breast,Meat & Seafood,kg,73.15,0.0,4.4,0.0,280.0,3,True,3.65,3.16,4.44
2026-06-03,2,6,0,Chicken Breast,Meat & Seafood,kg,89.18,19.01,2.98,0.0,280.0,3,True,4.4,3.6,4.617142857142857
2026-06-04,3,6,0,Chicken Breast,Meat & Seafood,kg,85.68,0.0,3.5,0.0,280.0,3,True,2.98,3.51,4.5285714285714285
2026-06-05,4,6,0,Chicken Breast,Meat & Seafood,kg,79.67,0.0,4.82,1.19,280.0,3,True,3.5,5.03,4.527142857142858
2026-06-06,5,6,1,Chicken Breast,Meat & Seafood,kg,98.72,23.58,3.89,0.65,280.0,3,True,4.82,5.96,4.497142857142857
2026-06-07,6,6,1,Chicken Breast,Meat & Seafood,kg,93.38,0.0,5.33,0.0,280.0,3,True,3.89,6.17,4.201428571428571
2026-06-08,0,6,0,Chicken Breast,Meat & Seafood,kg,106.28,16.43,3.53,0.0,280.0,3,True,5.33,3.65,4.081428571428572
2026-06-09,1,6,0,Chicken Breast,Meat & Seafood,kg,101.86,0.0,4.42,0.0,280.0,3,True,3.53,4.4,4.064285714285714
2026-06-10,2,6,0,Chicken Breast,Meat & Seafood,kg,96.94,0.0,3.94,0.98,280.0,3,True,4.42,2.98,4.067142857142857
2026-06-11,3,6,0,Chicken Breast,Meat & Seafood,kg,93.21,0.0,3.05,0.68,280.0,3,True,3.94,3.5,4.204285714285715
2026-06-12,4,6,0,Chicken Breast,Meat & Seafood,kg,85.43,0.0,6.9,0.88,280.0,3,True,3.05,4.82,4.14
2026-06-13,5,6,1,Chicken Breast,Meat & Seafood,kg,79.04,0.0,6.39,0.0,280.0,3,True,6.9,3.89,4.437142857142858
2026-06-14,6,6,1,Chicken Breast,Meat & Seafood,kg,73.17,0.0,5.87,0.0,280.0,3,True,6.39,5.33,4.7942857142857145
2026-06-15,0,6,0,Chicken Breast,Meat & Seafood,kg,89.09,19.4,3.48,0.0,280.0,3,True,5.87,3.53,4.871428571428572
2026-06-16,1,6,0,Chicken Breast,Meat & Seafood,kg,85.5,0.0,3.08,0.51,280.0,3,True,3.48,4.42,4.864285714285714
2026-06-17,2,6,0,Chicken Breast,Meat & Seafood,kg,82.1,0.0,3.4,0.0,280.0,3,True,3.08,3.94,4.672857142857143
2026-06-18,3,6,0,Chicken Breast,Meat & Seafood,kg,77.91,0.0,4.19,0.0,280.0,3,True,3.4,3.05,4.595714285714286
2026-06-19,4,6,0,Chicken Breast,Meat & Seafood,kg,70.99,0.0,6.93,0.0,280.0,3,True,4.19,6.9,4.758571428571429
2026-06-20,5,6,1,Chicken Breast,Meat & Seafood,kg,84.97,20.63,6.65,0.0,280.0,3,True,6.93,6.39,4.762857142857143
2026-06-21,6,6,1,Chicken Breast,Meat & Seafood,kg,79.96,0.0,5.0,0.0,280.0,3,True,6.65,5.87,4.8
2026-06-22,0,6,0,Chicken Breast,Meat & Seafood,kg,76.97,0.0,3.0,0.0,280.0,3,True,5.0,3.48,4.675714285714286
2026-06-23,1,6,0,Chicken Breast,Meat & Seafood,kg,73.29,0.0,3.68,0.0,280.0,3,True,3.0,3.08,4.607142857142857
2026-06-24,2,6,0,Chicken Breast,Meat & Seafood,kg,82.95,12.3,2.65,0.0,280.0,3,True,3.68,3.4,4.692857142857143
2026-06-25,3,6,0,Chicken Breast,Meat & Seafood,kg,79.17,0.0,3.77,0.0,280.0,3,True,2.65,4.19,4.585714285714286
2026-06-26,4,6,0,Chicken Breast,Meat & Seafood,kg,92.44,18.55,5.28,0.0,280.0,3,True,3.77,6.93,4.525714285714286
2026-06-27,5,6,1,Chicken Breast,Meat & Seafood,kg,87.42,0.0,5.02,0.0,280.0,3,True,5.28,6.65,4.29
2026-06-28,6,6,1,Chicken Breast,Meat & Seafood,kg,83.31,0.0,4.11,0.0,280.0,3,True,5.02,5.0,4.057142857142857
2026-06-29,0,6,0,Chicken Breast,Meat & Seafood,kg,78.56,0.0,3.88,0.87,280.0,3,True,4.11,3.0,3.93
2026-06-30,1,6,0,Chicken Breast,Meat & Seafood,kg,75.25,0.0,3.31,0.0,280.0,3,True,3.88,3.68,4.055714285714286
2026-07-01,2,7,0,Chicken Breast,Meat & Seafood,kg,72.28,0.0,2.97,0.0,280.0,3,True,3.31,2.65,4.002857142857143
2026-07-02,3,7,0,Chicken Breast,Meat & Seafood,kg,70.24,0.0,2.05,0.0,280.0,3,True,2.97,3.77,4.048571428571429
2026-07-03,4,7,0,Chicken Breast,Meat & Seafood,kg,64.86,0.0,5.38,0.0,280.0,3,True,2.05,5.28,3.8028571428571425
2026-07-04,5,7,1,Chicken Breast,Meat & Seafood,kg,58.02,0.0,6.84,0.0,280.0,3,True,5.38,5.02,3.817142857142857
2026-07-05,6,7,1,Chicken Breast,Meat & Seafood,kg,74.37,23.09,6.75,0.0,280.0,3,True,6.84,4.11,4.077142857142857
2026-07-06,0,7,0,Chicken Breast,Meat & Seafood,kg,71.02,0.0,3.35,0.0,280.0,3,True,6.75,3.88,4.454285714285715
2026-07-07,1,7,0,Chicken Breast,Meat & Seafood,kg,67.74,0.0,3.27,0.0,280.0,3,True,3.35,3.31,4.378571428571428
2026-07-08,2,7,0,Chicken Breast,Meat & Seafood,kg,63.89,0.0,3.85,0.0,280.0,3,True,3.27,2.97,4.372857142857143
2026-07-09,3,7,0,Chicken Breast,Meat & Seafood,kg,76.25,15.42,3.06,0.0,280.0,3,True,3.85,2.05,4.498571428571428
2026-07-10,4,7,0,Chicken Breast,Meat & Seafood,kg,70.61,0.0,5.64,0.0,280.0,3,True,3.06,5.38,4.642857142857143
2026-07-11,5,7,1,Chicken Breast,Meat & Seafood,kg,64.59,0.0,6.02,0.0,280.0,3,True,5.64,6.84,4.68
2026-07-12,6,7,1,Chicken Breast,Meat & Seafood,kg,58.19,0.0,6.39,0.0,280.0,3,True,6.02,6.75,4.562857142857142
2026-07-13,0,7,0,Chicken Breast,Meat & Seafood,kg,54.65,0.0,3.55,0.0,280.0,3,True,6.39,3.35,4.511428571428572
2026-07-14,1,7,0,Chicken Breast,Meat & Seafood,kg,51.16,0.0,3.49,0.0,280.0,3,True,3.55,3.27,4.54
2026-07-15,2,7,0,Chicken Breast,Meat & Seafood,kg,63.81,15.78,3.13,0.0,280.0,3,True,3.49,3.85,4.571428571428571
2026-07-16,3,7,0,Chicken Breast,Meat & Seafood,kg,60.66,0.0,3.15,0.0,280.0,3,True,3.13,3.06,4.468571428571429
2026-07-17,4,7,0,Chicken Breast,Meat & Seafood,kg,55.44,0.0,5.22,0.0,280.0,3,True,3.15,5.64,4.481428571428571
2026-07-18,5,7,1,Chicken Breast,Meat & Seafood,kg,49.74,0.0,5.7,0.0,280.0,3,True,5.22,6.02,4.421428571428572
2026-07-19,6,7,1,Chicken Breast,Meat & Seafood,kg,43.6,0.0,6.14,0.0,280.0,3,True,5.7,6.39,4.3757142857142854
2026-07-20,0,7,0,Chicken Breast,Meat & Seafood,kg,40.44,0.0,3.17,0.0,280.0,3,True,6.14,3.55,4.34
2026-07-21,1,7,0,Chicken Breast,Meat & Seafood,kg,36.03,0.0,4.41,0.0,280.0,3,True,3.17,3.49,4.285714285714286
2026-07-22,2,7,0,Chicken Breast,Meat & Seafood,kg,32.58,0.0,3.45,0.0,280.0,3,True,4.41,3.13,4.417142857142857
2026-07-23,3,7,0,Chicken Breast,Meat & Seafood,kg,28.99,0.0,3.59,0.0,280.0,3,True,3.45,3.15,4.462857142857143
2026-07-24,4,7,0,Chicken Breast,Meat & Seafood,kg,24.19,0.0,4.79,0.0,280.0,3,True,3.59,5.22,4.525714285714286
2026-07-25,5,7,1,Chicken Breast,Meat & Seafood,kg,35.69,14.93,3.44,0.0,280.0,3,True,4.79,5.7,4.464285714285714
2026-07-26,6,7,1,Chicken Breast,Meat & Seafood,kg,29.57,0.0,6.12,0.0,280.0,3,True,3.44,6.14,4.1414285714285715
2026-07-27,0,7,0,Chicken Breast,Meat & Seafood,kg,25.57,0.0,4.0,0.0,280.0,3,True,6.12,3.17,4.138571428571429
2026-07-28,1,7,0,Chicken Breast,Meat & Seafood,kg,22.13,0.0,3.45,0.0,280.0,3,True,4.0,4.41,4.257142857142857
2026-07-29,2,7,0,Chicken Breast,Meat & Seafood,kg,18.49,0.0,3.64,0.0,280.0,3,True,3.45,3.45,4.12
2026-07-30,3,7,0,Chicken Breast,Meat & Seafood,kg,14.05,0.0,3.88,0.56,280.0,3,True,3.64,3.59,4.147142857142858
2026-07-31,4,7,0,Chicken Breast,Meat & Seafood,kg,9.92,0.0,4.13,0.0,280.0,3,True,3.88,4.79,4.188571428571429
2026-08-01,5,8,1,Chicken Breast,Meat & Seafood,kg,4.95,0.0,4.97,0.0,280.0,3,True,4.13,3.44,4.094285714285714
2026-08-02,6,8,1,Chicken Breast,Meat & Seafood,kg,12.92,14.01,6.04,0.0,280.0,3,True,4.97,6.12,4.312857142857142
2026-08-03,0,8,0,Chicken Breast,Meat & Seafood,kg,9.99,0.0,2.92,0.0,280.0,3,True,6.04,4.0,4.301428571428572
2026-08-04,1,8,0,Chicken Breast,Meat & Seafood,kg,6.23,0.0,3.76,0.0,280.0,3,True,2.92,3.45,4.147142857142858
2026-08-05,2,8,0,Chicken Breast,Meat & Seafood,kg,23.73,21.4,2.87,1.03,280.0,3,True,3.76,3.64,4.191428571428571
2026-08-06,3,8,0,Chicken Breast,Meat & Seafood,kg,19.88,0.0,3.85,0.0,280.0,3,True,2.87,3.88,4.081428571428571
2026-08-07,4,8,0,Chicken Breast,Meat & Seafood,kg,14.51,0.0,5.37,0.0,280.0,3,True,3.85,4.13,4.077142857142857
2026-08-08,5,8,1,Chicken Breast,Meat & Seafood,kg,31.4,20.98,4.09,0.0,280.0,3,True,5.37,4.97,4.2542857142857144
2026-08-09,6,8,1,Chicken Breast,Meat & Seafood,kg,25.06,0.0,6.34,0.0,280.0,3,True,4.09,6.04,4.128571428571428
2026-08-10,0,8,0,Chicken Breast,Meat & Seafood,kg,21.85,0.0,3.2,0.0,280.0,3,True,6.34,2.92,4.171428571428572
2026-08-11,1,8,0,Chicken Breast,Meat & Seafood,kg,18.69,0.0,3.16,0.0,280.0,3,True,3.2,3.76,4.211428571428572
2026-08-12,2,8,0,Chicken Breast,Meat & Seafood,kg,14.98,0.0,3.71,0.0,280.0,3,True,3.16,2.87,4.1257142857142854
2026-08-13,3,8,0,Chicken Breast,Meat & Seafood,kg,24.28,13.52,4.22,0.0,280.0,3,True,3.71,3.85,4.2457142857142856
2026-08-14,4,8,0,Chicken Breast,Meat & Seafood,kg,19.7,0.0,4.58,0.0,280.0,3,True,4.22,5.37,4.298571428571429
2026-08-15,5,8,1,Chicken Breast,Meat & Seafood,kg,14.25,0.0,5.45,0.0,280.0,3,True,4.58,4.09,4.185714285714285
2026-08-16,6,8,1,Chicken Breast,Meat & Seafood,kg,8.5,0.0,5.75,0.0,280.0,3,True,5.45,6.34,4.380000000000001
2026-08-17,0,8,0,Chicken Breast,Meat & Seafood,kg,4.53,0.0,3.97,0.0,280.0,3,True,5.75,3.2,4.295714285714285
2026-08-18,1,8,0,Chicken Breast,Meat & Seafood,kg,19.28,18.45,3.7,0.0,280.0,3,True,3.97,3.16,4.405714285714286
2026-08-19,2,8,0,Chicken Breast,Meat & Seafood,kg,15.88,0.0,3.4,0.0,280.0,3,True,3.7,3.71,4.482857142857143
2026-08-20,3,8,0,Chicken Breast,Meat & Seafood,kg,32.29,19.56,3.15,0.0,280.0,3,True,3.4,4.22,4.438571428571429
2026-08-21,4,8,0,Chicken Breast,Meat & Seafood,kg,44.01,17.19,5.47,0.0,280.0,3,True,3.15,4.58,4.285714285714286
2026-08-22,5,8,1,Chicken Breast,Meat & Seafood,kg,39.48,0.0,4.53,0.0,280.0,3,True,5.47,5.45,4.412857142857143
2026-08-23,6,8,1,Chicken Breast,Meat & Seafood,kg,54.62,18.18,3.03,0.0,280.0,3,True,4.53,5.75,4.281428571428571
2026-08-24,0,8,0,Chicken Breast,Meat & Seafood,kg,50.78,0.0,3.84,0.0,280.0,3,True,3.03,3.97,3.8928571428571423
2026-08-25,1,8,0,Chicken Breast,Meat & Seafood,kg,58.85,12.15,4.09,0.0,280.0,3,True,3.84,3.7,3.874285714285714
2026-08-26,2,8,0,Chicken Breast,Meat & Seafood,kg,79.58,23.05,2.32,0.0,280.0,3,True,4.09,3.4,3.9299999999999997
2026-08-27,3,8,0,Chicken Breast,Meat & Seafood,kg,76.52,0.0,3.05,0.0,280.0,3,True,2.32,3.15,3.775714285714286
2026-08-28,4,8,0,Chicken Breast,Meat & Seafood,kg,70.62,0.0,5.9,0.0,280.0,3,True,3.05,5.47,3.761428571428571
2026-08-29,5,8,1,Chicken Breast,Meat & Seafood,kg,63.55,0.0,7.07,0.0,280.0,3,True,5.9,4.53,3.8228571428571425
2026-08-30,6,8,1,Chicken Breast,Meat & Seafood,kg,69.35,12.57,5.42,1.36,280.0,3,True,7.07,3.03,4.185714285714285
2026-08-31,0,8,0,Chicken Breast,Meat & Seafood,kg,66.14,0.0,3.21,0.0,280.0,3,True,5.42,3.84,4.527142857142858
2026-09-01,1,9,0,Chicken Breast,Meat & Seafood,kg,75.74,13.1,3.5,0.0,280.0,3,True,3.21,4.09,4.437142857142858
2026-09-02,2,9,0,Chicken Breast,Meat & Seafood,kg,71.4,0.0,4.34,0.0,280.0,3,True,3.5,2.32,4.352857142857142
2026-09-03,3,9,0,Chicken Breast,Meat & Seafood,kg,88.68,20.54,3.25,0.0,280.0,3,True,4.34,3.05,4.6414285714285715
2026-09-04,4,9,0,Chicken Breast,Meat & Seafood,kg,83.93,0.0,4.75,0.0,280.0,3,True,3.25,5.9,4.67
2026-09-05,5,9,1,Chicken Breast,Meat & Seafood,kg,77.41,0.0,5.01,1.51,280.0,3,True,4.75,7.07,4.505714285714286
2026-09-06,6,9,1,Chicken Breast,Meat & Seafood,kg,72.78,0.0,4.63,0.0,280.0,3,True,5.01,5.42,4.211428571428571
2026-09-07,0,9,0,Chicken Breast,Meat & Seafood,kg,69.12,0.0,3.67,0.0,280.0,3,True,4.63,3.21,4.098571428571428
2026-09-08,1,9,0,Chicken Breast,Meat & Seafood,kg,64.64,0.0,4.48,0.0,280.0,3,True,3.67,3.5,4.164285714285714
2026-09-09,2,9,0,Chicken Breast,Meat & Seafood,kg,60.87,0.0,3.77,0.0,280.0,3,True,4.48,4.34,4.304285714285714
2026-09-10,3,9,0,Chicken Breast,Meat & Seafood,kg,57.4,0.0,3.46,0.0,280.0,3,True,3.77,3.25,4.222857142857142
2026-09-11,4,9,0,Chicken Breast,Meat & Seafood,kg,52.24,0.0,5.16,0.0,280.0,3,True,3.46,4.75,4.252857142857143
2026-09-12,5,9,1,Chicken Breast,Meat & Seafood,kg,48.11,0.0,4.13,0.0,280.0,3,True,5.16,5.01,4.311428571428571
2026-09-13,6,9,1,Chicken Breast,Meat & Seafood,kg,41.99,0.0,6.12,0.0,280.0,3,True,4.13,4.63,4.185714285714286
2026-09-14,0,9,0,Chicken Breast,Meat & Seafood,kg,37.12,0.0,3.56,1.31,280.0,3,True,6.12,3.67,4.398571428571429
2026-09-15,1,9,0,Chicken Breast,Meat & Seafood,kg,50.81,17.19,3.5,0.0,280.0,3,True,3.56,4.48,4.382857142857143
2026-09-16,2,9,0,Chicken Breast,Meat & Seafood,kg,68.88,23.39,5.32,0.0,280.0,3,True,3.5,3.77,4.242857142857143
2026-09-17,3,9,0,Chicken Breast,Meat & Seafood,kg,76.03,10.92,3.76,0.0,280.0,3,True,5.32,3.46,4.464285714285714
2026-09-18,4,9,0,Chicken Breast,Meat & Seafood,kg,71.24,0.0,4.79,0.0,280.0,3,True,3.76,5.16,4.507142857142857
2026-09-19,5,9,1,Chicken Breast,Meat & Seafood,kg,64.87,0.0,5.05,1.32,280.0,3,True,4.79,4.13,4.454285714285715
2026-09-20,6,9,1,Chicken Breast,Meat & Seafood,kg,58.54,0.0,6.33,0.0,280.0,3,True,5.05,6.12,4.585714285714286
2026-09-21,0,9,0,Chicken Breast,Meat & Seafood,kg,54.88,0.0,3.66,0.0,280.0,3,True,6.33,3.56,4.615714285714286
2026-09-22,1,9,0,Chicken Breast,Meat & Seafood,kg,52.05,0.0,2.82,0.0,280.0,3,True,3.66,3.5,4.630000000000001
2026-09-23,2,9,0,Chicken Breast,Meat & Seafood,kg,64.39,16.43,4.1,0.0,280.0,3,True,2.82,5.32,4.532857142857143
2026-09-24,3,9,0,Chicken Breast,Meat & Seafood,kg,71.91,10.76,3.24,0.0,280.0,3,True,4.1,3.76,4.3585714285714285
2026-09-25,4,9,0,Chicken Breast,Meat & Seafood,kg,64.99,0.0,6.92,0.0,280.0,3,True,3.24,4.79,4.284285714285715
2026-09-26,5,9,1,Chicken Breast,Meat & Seafood,kg,72.33,13.62,6.27,0.0,280.0,3,True,6.92,5.05,4.588571428571429
2026-09-27,6,9,1,Chicken Breast,Meat & Seafood,kg,67.3,0.0,5.04,0.0,280.0,3,True,6.27,6.33,4.762857142857143
2026-09-28,0,9,0,Chicken Breast,Meat & Seafood,kg,82.43,19.43,4.29,0.0,280.0,3,True,5.04,3.66,4.578571428571429
2026-09-29,1,9,0,Chicken Breast,Meat & Seafood,kg,78.79,0.0,3.64,0.0,280.0,3,True,4.29,2.82,4.668571428571428
2026-04-02,3,4,0,Salmon Fillet,Meat & Seafood,kg,2.98,0.0,1.52,0.0,750.0,2,True,1.6574585635359116,1.6574585635359116,1.6574585635359116
2026-04-03,4,4,0,Salmon Fillet,Meat & Seafood,kg,7.41,7.43,2.17,0.82,750.0,2,True,1.52,1.6574585635359116,1.52
2026-04-04,5,4,1,Salmon Fillet,Meat & Seafood,kg,13.53,7.88,1.77,0.0,750.0,2,True,2.17,1.6574585635359116,1.845
2026-04-05,6,4,1,Salmon Fillet,Meat & Seafood,kg,19.47,7.77,1.83,0.0,750.0,2,True,1.77,1.6574585635359116,1.82
2026-04-06,0,4,0,Salmon Fillet,Meat & Seafood,kg,17.91,0.0,1.56,0.0,750.0,2,True,1.83,1.6574585635359116,1.8225
2026-04-07,1,4,0,Salmon Fillet,Meat & Seafood,kg,16.63,0.0,1.28,0.0,750.0,2,True,1.56,1.6574585635359116,1.77
2026-04-08,2,4,0,Salmon Fillet,Meat & Seafood,kg,21.16,5.8,1.27,0.0,750.0,2,True,1.28,1.6574585635359116,1.6883333333333335
2026-04-09,3,4,0,Salmon Fillet,Meat & Seafood,kg,20.0,0.0,1.16,0.0,750.0,2,True,1.27,1.52,1.6285714285714286
2026-04-10,4,4,0,Salmon Fillet,Meat & Seafood,kg,25.16,7.31,2.15,0.0,750.0,2,True,1.16,2.17,1.5771428571428572
2026-04-11,5,4,1,Salmon Fillet,Meat & Seafood,kg,22.5,0.0,2.65,0.0,750.0,2,True,2.15,1.77,1.5742857142857143
2026-04-12,6,4,1,Salmon Fillet,Meat & Seafood,kg,20.8,0.0,1.7,0.0,750.0,2,True,2.65,1.83,1.7
2026-04-13,0,4,0,Salmon Fillet,Meat & Seafood,kg,19.45,0.0,1.35,0.0,750.0,2,True,1.7,1.56,1.6814285714285717
2026-04-14,1,4,0,Salmon Fillet,Meat & Seafood,kg,21.59,3.78,1.64,0.0,750.0,2,True,1.35,1.28,1.6514285714285715
2026-04-15,2,4,0,Salmon Fillet,Meat & Seafood,kg,20.25,0.0,1.33,0.0,750.0,2,True,1.64,1.27,1.7028571428571426
2026-04-16,3,4,0,Salmon Fillet,Meat & Seafood,kg,18.81,0.0,1.44,0.0,750.0,2,True,1.33,1.16,1.7114285714285715
2026-04-17,4,4,0,Salmon Fillet,Meat & Seafood,kg,17.11,0.0,1.7,0.0,750.0,2,True,1.44,2.15,1.7514285714285713
2026-04-18,5,4,1,Salmon Fillet,Meat & Seafood,kg,14.96,0.0,2.16,0.0,750.0,2,True,1.7,2.65,1.687142857142857
2026-04-19,6,4,1,Salmon Fillet,Meat & Seafood,kg,12.99,0.0,1.97,0.0,750.0,2,True,2.16,1.7,1.6171428571428572
2026-04-20,0,4,0,Salmon Fillet,Meat & Seafood,kg,19.57,8.13,1.55,0.0,750.0,2,True,1.97,1.35,1.6557142857142857
2026-04-21,1,4,0,Salmon Fillet,Meat & Seafood,kg,25.93,7.95,1.59,0.0,750.0,2,True,1.55,1.64,1.6842857142857142
2026-04-22,2,4,0,Salmon Fillet,Meat & Seafood,kg,24.05,0.0,1.87,0.0,750.0,2,True,1.59,1.33,1.6771428571428568
2026-04-23,3,4,0,Salmon Fillet,Meat & Seafood,kg,22.59,0.0,1.47,0.0,750.0,2,True,1.87,1.44,1.7542857142857144
2026-04-24,4,4,0,Salmon Fillet,Meat & Seafood,kg,20.46,0.0,2.12,0.0,750.0,2,True,1.47,1.7,1.7585714285714285
2026-04-25,5,4,1,Salmon Fillet,Meat & Seafood,kg,22.64,4.27,2.08,0.0,750.0,2,True,2.12,2.16,1.8185714285714287
2026-04-26,6,4,1,Salmon Fillet,Meat & Seafood,kg,20.73,0.0,1.92,0.0,750.0,2,True,2.08,1.97,1.8071428571428572
2026-04-27,0,4,0,Salmon Fillet,Meat & Seafood,kg,26.09,7.19,1.42,0.41,750.0,2,True,1.92,1.55,1.8
2026-04-28,1,4,0,Salmon Fillet,Meat & Seafood,kg,24.8,0.0,1.29,0.0,750.0,2,True,1.42,1.59,1.7814285714285716
2026-04-29,2,4,0,Salmon Fillet,Meat & Seafood,kg,23.41,0.0,1.38,0.0,750.0,2,True,1.29,1.87,1.7385714285714289
2026-04-30,3,4,0,Salmon Fillet,Meat & Seafood,kg,21.8,0.0,1.62,0.0,750.0,2,True,1.38,1.47,1.6685714285714286
2026-05-01,4,5,0,Salmon Fillet,Meat & Seafood,kg,20.08,0.0,1.72,0.0,750.0,2,True,1.62,2.12,1.6900000000000002
2026-05-02,5,5,1,Salmon Fillet,Meat & Seafood,kg,17.71,0.0,2.37,0.0,750.0,2,True,1.72,2.08,1.6328571428571428
2026-05-03,6,5,1,Salmon Fillet,Meat & Seafood,kg,20.32,5.04,2.43,0.0,750.0,2,True,2.37,1.92,1.6742857142857142
2026-05-04,0,5,0,Salmon Fillet,Meat & Seafood,kg,19.0,0.0,1.33,0.0,750.0,2,True,2.43,1.42,1.747142857142857
2026-05-05,1,5,0,Salmon Fillet,Meat & Seafood,kg,18.08,0.0,0.92,0.0,750.0,2,True,1.33,1.29,1.7342857142857144
2026-05-06,2,5,0,Salmon Fillet,Meat & Seafood,kg,16.85,0.0,1.23,0.0,750.0,2,True,0.92,1.38,1.6814285714285717
2026-05-07,3,5,0,Salmon Fillet,Meat & Seafood,kg,15.24,0.0,1.61,0.0,750.0,2,True,1.23,1.62,1.6600000000000001
2026-05-08,4,5,0,Salmon Fillet,Meat & Seafood,kg,13.22,0.0,2.02,0.0,750.0,2,True,1.61,1.72,1.6585714285714286
2026-05-09,5,5,1,Salmon Fillet,Meat & Seafood,kg,18.43,6.93,1.72,0.0,750.0,2,True,2.02,2.37,1.7014285714285715
2026-05-10,6,5,1,Salmon Fillet,Meat & Seafood,kg,16.56,0.0,1.87,0.0,750.0,2,True,1.72,2.43,1.6085714285714285
2026-05-11,0,5,0,Salmon Fillet,Meat & Seafood,kg,15.04,0.0,1.52,0.0,750.0,2,True,1.87,1.33,1.5285714285714285
2026-05-12,1,5,0,Salmon Fillet,Meat & Seafood,kg,13.4,0.0,1.46,0.18,750.0,2,True,1.52,0.92,1.5557142857142856
2026-05-13,2,5,0,Salmon Fillet,Meat & Seafood,kg,18.15,6.41,1.3,0.36,750.0,2,True,1.46,1.23,1.6328571428571428
2026-05-14,3,5,0,Salmon Fillet,Meat & Seafood,kg,16.88,0.0,1.28,0.0,750.0,2,True,1.3,1.61,1.6428571428571428
2026-05-15,4,5,0,Salmon Fillet,Meat & Seafood,kg,14.97,0.0,1.91,0.0,750.0,2,True,1.28,2.02,1.5957142857142856
2026-05-16,5,5,1,Salmon Fillet,Meat & Seafood,kg,13.23,0.0,1.74,0.0,750.0,2,True,1.91,1.72,1.58
2026-05-17,6,5,1,Salmon Fillet,Meat & Seafood,kg,10.71,0.0,2.52,0.0,750.0,2,True,1.74,1.87,1.582857142857143
2026-05-18,0,5,0,Salmon Fillet,Meat & Seafood,kg,9.43,0.0,1.28,0.0,750.0,2,True,2.52,1.52,1.6757142857142857
2026-05-19,1,5,0,Salmon Fillet,Meat & Seafood,kg,7.83,0.0,1.6,0.0,750.0,2,True,1.28,1.46,1.6414285714285715
2026-05-20,2,5,0,Salmon Fillet,Meat & Seafood,kg,6.17,0.0,1.66,0.0,750.0,2,True,1.6,1.3,1.6614285714285715
2026-05-21,3,5,0,Salmon Fillet,Meat & Seafood,kg,4.62,0.0,1.55,0.0,750.0,2,True,1.66,1.28,1.712857142857143
2026-05-22,4,5,0,Salmon Fillet,Meat & Seafood,kg,2.72,0.0,1.89,0.0,750.0,2,True,1.55,1.91,1.7514285714285713
2026-05-23,5,5,1,Salmon Fillet,Meat & Seafood,kg,8.78,8.2,2.15,0.0,750.0,2,True,1.89,1.74,1.7485714285714287
2026-05-24,6,5,1,Salmon Fillet,Meat & Seafood,kg,6.76,0.0,2.02,0.0,750.0,2,True,2.15,2.52,1.807142857142857
2026-05-25,0,5,0,Salmon Fillet,Meat & Seafood,kg,5.59,0.0,1.17,0.0,750.0,2,True,2.02,1.28,1.7357142857142858
2026-05-26,1,5,0,Salmon Fillet,Meat & Seafood,kg,12.91,8.73,1.42,0.0,750.0,2,True,1.17,1.6,1.7200000000000002
2026-05-27,2,5,0,Salmon Fillet,Meat & Seafood,kg,11.8,0.0,1.11,0.0,750.0,2,True,1.42,1.66,1.6942857142857142
2026-05-28,3,5,0,Salmon Fillet,Meat & Seafood,kg,10.21,0.0,1.59,0.0,750.0,2,True,1.11,1.55,1.6157142857142854
2026-05-29,4,5,0,Salmon Fillet,Meat & Seafood,kg,14.23,6.31,1.88,0.4,750.0,2,True,1.59,1.89,1.6214285714285714
2026-05-30,5,5,1,Salmon Fillet,Meat & Seafood,kg,16.98,4.84,2.09,0.0,750.0,2,True,1.88,2.15,1.6199999999999999
2026-05-31,6,5,1,Salmon Fillet,Meat & Seafood,kg,14.87,0.0,2.11,0.0,750.0,2,True,2.09,2.02,1.6114285714285717
2026-06-01,0,6,0,Salmon Fillet,Meat & Seafood,kg,13.06,0.0,1.3,0.51,750.0,2,True,2.11,1.17,1.624285714285714
2026-06-02,1,6,0,Salmon Fillet,Meat & Seafood,kg,11.6,0.0,1.47,0.0,750.0,2,True,1.3,1.42,1.6428571428571428
2026-06-03,2,6,0,Salmon Fillet,Meat & Seafood,kg,10.34,0.0,1.25,0.0,750.0,2,True,1.47,1.11,1.65
2026-06-04,3,6,0,Salmon Fillet,Meat & Seafood,kg,8.82,0.0,1.53,0.0,750.0,2,True,1.25,1.59,1.67
2026-06-05,4,6,0,Salmon Fillet,Meat & Seafood,kg,7.2,0.0,1.62,0.0,750.0,2,True,1.53,1.88,1.6614285714285715
2026-06-06,5,6,1,Salmon Fillet,Meat & Seafood,kg,5.14,0.0,2.06,0.0,750.0,2,True,1.62,2.09,1.624285714285714
2026-06-07,6,6,1,Salmon Fillet,Meat & Seafood,kg,2.52,0.0,2.61,0.0,750.0,2,True,2.06,2.11,1.6199999999999999
2026-06-08,0,6,0,Salmon Fillet,Meat & Seafood,kg,1.37,0.0,1.15,0.0,750.0,2,True,2.61,1.3,1.6914285714285715
2026-06-09,1,6,0,Salmon Fillet,Meat & Seafood,kg,8.68,8.51,1.21,0.0,750.0,2,True,1.15,1.47,1.67
2026-06-10,2,6,0,Salmon Fillet,Meat & Seafood,kg,7.22,0.0,1.45,0.0,750.0,2,True,1.21,1.25,1.6328571428571428
2026-06-11,3,6,0,Salmon Fillet,Meat & Seafood,kg,5.83,0.0,1.39,0.0,750.0,2,True,1.45,1.53,1.6614285714285715
2026-06-12,4,6,0,Salmon Fillet,Meat & Seafood,kg,3.7,0.0,2.13,0.0,750.0,2,True,1.39,1.62,1.6414285714285712
2026-06-13,5,6,1,Salmon Fillet,Meat & Seafood,kg,5.51,4.62,2.17,0.64,750.0,2,True,2.13,2.06,1.7142857142857142
2026-06-14,6,6,1,Salmon Fillet,Meat & Seafood,kg,8.02,4.73,2.22,0.0,750.0,2,True,2.17,2.61,1.73
2026-06-15,0,6,0,Salmon Fillet,Meat & Seafood,kg,6.18,0.0,1.57,0.27,750.0,2,True,2.22,1.15,1.6742857142857144
2026-06-16,1,6,0,Salmon Fillet,Meat & Seafood,kg,4.74,0.0,1.43,0.0,750.0,2,True,1.57,1.21,1.7342857142857144
2026-06-17,2,6,0,Salmon Fillet,Meat & Seafood,kg,3.44,0.0,1.3,0.0,750.0,2,True,1.43,1.45,1.7657142857142856
2026-06-18,3,6,0,Salmon Fillet,Meat & Seafood,kg,6.55,4.6,1.49,0.0,750.0,2,True,1.3,1.39,1.7442857142857142
2026-06-19,4,6,0,Salmon Fillet,Meat & Seafood,kg,7.93,3.98,2.6,0.0,750.0,2,True,1.49,2.13,1.7585714285714287
2026-06-20,5,6,1,Salmon Fillet,Meat & Seafood,kg,12.46,7.06,1.98,0.54,750.0,2,True,2.6,2.17,1.8257142857142858
2026-06-21,6,6,1,Salmon Fillet,Meat & Seafood,kg,15.84,5.11,1.73,0.0,750.0,2,True,1.98,2.22,1.7985714285714285
2026-06-22,0,6,0,Salmon Fillet,Meat & Seafood,kg,14.26,0.0,1.57,0.0,750.0,2,True,1.73,1.57,1.7285714285714284
2026-06-23,1,6,0,Salmon Fillet,Meat & Seafood,kg,12.52,0.0,1.33,0.42,750.0,2,True,1.57,1.43,1.7285714285714284
2026-06-24,2,6,0,Salmon Fillet,Meat & Seafood,kg,11.61,0.0,0.91,0.0,750.0,2,True,1.33,1.3,1.7142857142857142
2026-06-25,3,6,0,Salmon Fillet,Meat & Seafood,kg,16.19,6.11,1.52,0.0,750.0,2,True,0.91,1.49,1.6585714285714288
2026-06-26,4,6,0,Salmon Fillet,Meat & Seafood,kg,14.33,0.0,1.86,0.0,750.0,2,True,1.52,2.6,1.662857142857143
2026-06-27,5,6,1,Salmon Fillet,Meat & Seafood,kg,12.33,0.0,2.0,0.0,750.0,2,True,1.86,1.98,1.557142857142857
2026-06-28,6,6,1,Salmon Fillet,Meat & Seafood,kg,10.21,0.0,2.13,0.0,750.0,2,True,2.0,1.73,1.5600000000000003
2026-06-29,0,6,0,Salmon Fillet,Meat & Seafood,kg,16.03,7.21,1.39,0.0,750.0,2,True,2.13,1.57,1.6171428571428572
2026-06-30,1,6,0,Salmon Fillet,Meat & Seafood,kg,14.54,0.0,1.49,0.0,750.0,2,True,1.39,1.33,1.5914285714285714
2026-07-01,2,7,0,Salmon Fillet,Meat & Seafood,kg,13.28,0.0,1.26,0.0,750.0,2,True,1.49,0.91,1.6142857142857143
2026-07-02,3,7,0,Salmon Fillet,Meat & Seafood,kg,17.37,5.77,1.45,0.23,750.0,2,True,1.26,1.52,1.6642857142857144
2026-07-03,4,7,0,Salmon Fillet,Meat & Seafood,kg,15.42,0.0,1.95,0.0,750.0,2,True,1.45,1.86,1.6542857142857144
2026-07-04,5,7,1,Salmon Fillet,Meat & Seafood,kg,13.17,0.0,2.25,0.0,750.0,2,True,1.95,2.0,1.667142857142857
2026-07-05,6,7,1,Salmon Fillet,Meat & Seafood,kg,17.21,6.25,2.21,0.0,750.0,2,True,2.25,2.13,1.7028571428571426
2026-07-06,0,7,0,Salmon Fillet,Meat & Seafood,kg,23.91,7.87,1.16,0.0,750.0,2,True,2.21,1.39,1.7142857142857142
2026-07-07,1,7,0,Salmon Fillet,Meat & Seafood,kg,28.62,6.28,1.57,0.0,750.0,2,True,1.16,1.49,1.6814285714285713
2026-07-08,2,7,0,Salmon Fillet,Meat & Seafood,kg,27.38,0.0,1.24,0.0,750.0,2,True,1.57,1.26,1.692857142857143
2026-07-09,3,7,0,Salmon Fillet,Meat & Seafood,kg,25.87,0.0,1.51,0.0,750.0,2,True,1.24,1.45,1.69
2026-07-10,4,7,0,Salmon Fillet,Meat & Seafood,kg,23.73,0.0,2.14,0.0,750.0,2,True,1.51,1.95,1.6985714285714286
2026-07-11,5,7,1,Salmon Fillet,Meat & Seafood,kg,20.48,0.0,2.58,0.67,750.0,2,True,2.14,2.25,1.725714285714286
2026-07-12,6,7,1,Salmon Fillet,Meat & Seafood,kg,26.48,7.96,1.96,0.0,750.0,2,True,2.58,2.21,1.772857142857143
2026-07-13,0,7,0,Salmon Fillet,Meat & Seafood,kg,25.2,0.0,1.28,0.0,750.0,2,True,1.96,1.16,1.737142857142857
2026-07-14,1,7,0,Salmon Fillet,Meat & Seafood,kg,23.86,0.0,1.35,0.0,750.0,2,True,1.28,1.57,1.7542857142857142
2026-07-15,2,7,0,Salmon Fillet,Meat & Seafood,kg,22.39,0.0,1.29,0.18,750.0,2,True,1.35,1.24,1.7228571428571429
2026-07-16,3,7,0,Salmon Fillet,Meat & Seafood,kg,20.88,0.0,1.51,0.0,750.0,2,True,1.29,1.51,1.73
2026-07-17,4,7,0,Salmon Fillet,Meat & Seafood,kg,19.34,0.0,1.53,0.0,750.0,2,True,1.51,2.14,1.73
2026-07-18,5,7,1,Salmon Fillet,Meat & Seafood,kg,17.64,0.0,1.7,0.0,750.0,2,True,1.53,2.58,1.6428571428571428
2026-07-19,6,7,1,Salmon Fillet,Meat & Seafood,kg,23.41,7.47,1.7,0.0,750.0,2,True,1.7,1.96,1.5171428571428573
2026-07-20,0,7,0,Salmon Fillet,Meat & Seafood,kg,21.71,0.0,1.54,0.16,750.0,2,True,1.7,1.28,1.48
2026-07-21,1,7,0,Salmon Fillet,Meat & Seafood,kg,20.01,0.0,1.7,0.0,750.0,2,True,1.54,1.35,1.5171428571428573
2026-07-22,2,7,0,Salmon Fillet,Meat & Seafood,kg,18.68,0.0,1.33,0.0,750.0,2,True,1.7,1.29,1.567142857142857
2026-07-23,3,7,0,Salmon Fillet,Meat & Seafood,kg,24.54,7.17,1.32,0.0,750.0,2,True,1.33,1.51,1.5728571428571427
2026-07-24,4,7,0,Salmon Fillet,Meat & Seafood,kg,22.49,0.0,2.05,0.0,750.0,2,True,1.32,1.53,1.5457142857142858
2026-07-25,5,7,1,Salmon Fillet,Meat & Seafood,kg,20.11,0.0,2.38,0.0,750.0,2,True,2.05,1.7,1.6199999999999999
2026-07-26,6,7,1,Salmon Fillet,Meat & Seafood,kg,18.37,0.0,1.74,0.0,750.0,2,True,2.38,1.7,1.717142857142857
2026-07-27,0,7,0,Salmon Fillet,Meat & Seafood,kg,16.97,0.0,1.4,0.0,750.0,2,True,1.74,1.54,1.7228571428571429
2026-07-28,1,7,0,Salmon Fillet,Meat & Seafood,kg,15.42,0.0,1.55,0.0,750.0,2,True,1.4,1.7,1.7028571428571428
2026-07-29,2,7,0,Salmon Fillet,Meat & Seafood,kg,13.97,0.0,1.45,0.0,750.0,2,True,1.55,1.33,1.6814285714285713
2026-07-30,3,7,0,Salmon Fillet,Meat & Seafood,kg,12.58,0.0,1.39,0.0,750.0,2,True,1.45,1.32,1.6985714285714286
2026-07-31,4,7,0,Salmon Fillet,Meat & Seafood,kg,10.26,0.0,2.33,0.0,750.0,2,True,1.39,2.05,1.7085714285714284
2026-08-01,5,8,1,Salmon Fillet,Meat & Seafood,kg,9.05,0.0,1.2,0.0,750.0,2,True,2.33,2.38,1.7485714285714287
2026-08-02,6,8,1,Salmon Fillet,Meat & Seafood,kg,6.82,0.0,2.23,0.0,750.0,2,True,1.2,1.74,1.58
2026-08-03,0,8,0,Salmon Fillet,Meat & Seafood,kg,5.6,0.0,1.22,0.0,750.0,2,True,2.23,1.4,1.6500000000000001
2026-08-04,1,8,0,Salmon Fillet,Meat & Seafood,kg,10.48,5.85,0.98,0.0,750.0,2,True,1.22,1.55,1.624285714285714
2026-08-05,2,8,0,Salmon Fillet,Meat & Seafood,kg,9.02,0.0,1.45,0.0,750.0,2,True,0.98,1.45,1.542857142857143
2026-08-06,3,8,0,Salmon Fillet,Meat & Seafood,kg,7.4,0.0,1.63,0.0,750.0,2,True,1.45,1.39,1.5428571428571427
2026-08-07,4,8,0,Salmon Fillet,Meat & Seafood,kg,5.16,0.0,1.98,0.25,750.0,2,True,1.63,2.33,1.5771428571428572
2026-08-08,5,8,1,Salmon Fillet,Meat & Seafood,kg,11.46,8.61,2.31,0.0,750.0,2,True,1.98,1.2,1.5271428571428574
2026-08-09,6,8,1,Salmon Fillet,Meat & Seafood,kg,13.58,4.91,2.51,0.28,750.0,2,True,2.31,2.23,1.6857142857142855
2026-08-10,0,8,0,Salmon Fillet,Meat & Seafood,kg,11.96,0.0,1.62,0.0,750.0,2,True,2.51,1.22,1.7257142857142858
2026-08-11,1,8,0,Salmon Fillet,Meat & Seafood,kg,10.28,0.0,1.68,0.0,750.0,2,True,1.62,0.98,1.782857142857143
2026-08-12,2,8,0,Salmon Fillet,Meat & Seafood,kg,8.78,0.0,1.5,0.0,750.0,2,True,1.68,1.45,1.8828571428571428
2026-08-13,3,8,0,Salmon Fillet,Meat & Seafood,kg,7.41,0.0,1.37,0.0,750.0,2,True,1.5,1.63,1.8900000000000001
2026-08-14,4,8,0,Salmon Fillet,Meat & Seafood,kg,5.88,0.0,1.54,0.0,750.0,2,True,1.37,1.98,1.8528571428571428
2026-08-15,5,8,1,Salmon Fillet,Meat & Seafood,kg,11.12,7.2,1.95,0.0,750.0,2,True,1.54,2.31,1.7899999999999998
2026-08-16,6,8,1,Salmon Fillet,Meat & Seafood,kg,8.86,0.0,1.77,0.5,750.0,2,True,1.95,2.51,1.7385714285714287
2026-08-17,0,8,0,Salmon Fillet,Meat & Seafood,kg,7.07,0.0,1.79,0.0,750.0,2,True,1.77,1.62,1.6328571428571428
2026-08-18,1,8,0,Salmon Fillet,Meat & Seafood,kg,9.69,3.94,1.31,0.0,750.0,2,True,1.79,1.68,1.657142857142857
2026-08-19,2,8,0,Salmon Fillet,Meat & Seafood,kg,12.89,4.58,1.37,0.0,750.0,2,True,1.31,1.5,1.6042857142857143
2026-08-20,3,8,0,Salmon Fillet,Meat & Seafood,kg,11.43,0.0,1.46,0.0,750.0,2,True,1.37,1.37,1.5857142857142856
2026-08-21,4,8,0,Salmon Fillet,Meat & Seafood,kg,9.39,0.0,2.04,0.0,750.0,2,True,1.46,1.54,1.5985714285714288
2026-08-22,5,8,1,Salmon Fillet,Meat & Seafood,kg,6.85,0.0,2.54,0.0,750.0,2,True,2.04,1.95,1.67
2026-08-23,6,8,1,Salmon Fillet,Meat & Seafood,kg,9.24,4.22,1.84,0.0,750.0,2,True,2.54,1.77,1.7542857142857144
2026-08-24,0,8,0,Salmon Fillet,Meat & Seafood,kg,7.85,0.0,1.39,0.0,750.0,2,True,1.84,1.79,1.7642857142857145
2026-08-25,1,8,0,Salmon Fillet,Meat & Seafood,kg,6.65,0.0,1.2,0.0,750.0,2,True,1.39,1.31,1.707142857142857
2026-08-26,2,8,0,Salmon Fillet,Meat & Seafood,kg,5.57,0.0,1.08,0.0,750.0,2,True,1.2,1.37,1.6914285714285715
2026-08-27,3,8,0,Salmon Fillet,Meat & Seafood,kg,12.97,8.63,1.23,0.0,750.0,2,True,1.08,1.46,1.6500000000000001
2026-08-28,4,8,0,Salmon Fillet,Meat & Seafood,kg,10.96,0.0,2.01,0.0,750.0,2,True,1.23,2.04,1.6171428571428572
2026-08-29,5,8,1,Salmon Fillet,Meat & Seafood,kg,13.19,4.13,1.89,0.0,750.0,2,True,2.01,2.54,1.6128571428571428
2026-08-30,6,8,1,Salmon Fillet,Meat & Seafood,kg,11.38,0.0,1.81,0.0,750.0,2,True,1.89,1.84,1.5199999999999998
2026-08-31,0,8,0,Salmon Fillet,Meat & Seafood,kg,10.31,0.0,1.07,0.0,750.0,2,True,1.81,1.39,1.5157142857142856
2026-09-01,1,9,0,Salmon Fillet,Meat & Seafood,kg,8.98,0.0,1.33,0.0,750.0,2,True,1.07,1.2,1.47
2026-09-02,2,9,0,Salmon Fillet,Meat & Seafood,kg,7.94,0.0,1.05,0.0,750.0,2,True,1.33,1.08,1.4885714285714287
2026-09-03,3,9,0,Salmon Fillet,Meat & Seafood,kg,6.43,0.0,1.5,0.0,750.0,2,True,1.05,1.23,1.4842857142857142
2026-09-04,4,9,0,Salmon Fillet,Meat & Seafood,kg,4.38,0.0,2.05,0.0,750.0,2,True,1.5,2.01,1.5228571428571427
2026-09-05,5,9,1,Salmon Fillet,Meat & Seafood,kg,2.8,0.0,1.58,0.0,750.0,2,True,2.05,1.89,1.5285714285714285
2026-09-06,6,9,1,Salmon Fillet,Meat & Seafood,kg,7.44,6.83,1.93,0.26,750.0,2,True,1.58,1.81,1.4842857142857144
2026-09-07,0,9,0,Salmon Fillet,Meat & Seafood,kg,13.32,7.08,1.2,0.0,750.0,2,True,1.93,1.07,1.5014285714285713
2026-09-08,1,9,0,Salmon Fillet,Meat & Seafood,kg,11.9,0.0,1.41,0.0,750.0,2,True,1.2,1.33,1.52
2026-09-09,2,9,0,Salmon Fillet,Meat & Seafood,kg,10.28,0.0,1.62,0.0,750.0,2,True,1.41,1.05,1.5314285714285714
2026-09-10,3,9,0,Salmon Fillet,Meat & Seafood,kg,8.97,0.0,0.97,0.34,750.0,2,True,1.62,1.5,1.612857142857143
2026-09-11,4,9,0,Salmon Fillet,Meat & Seafood,kg,11.15,4.24,2.06,0.0,750.0,2,True,0.97,2.05,1.5371428571428574
2026-09-12,5,9,1,Salmon Fillet,Meat & Seafood,kg,8.42,0.0,1.98,0.75,750.0,2,True,2.06,1.58,1.5385714285714285
2026-09-13,6,9,1,Salmon Fillet,Meat & Seafood,kg,6.2,0.0,2.23,0.0,750.0,2,True,1.98,1.93,1.5957142857142856
2026-09-14,0,9,0,Salmon Fillet,Meat & Seafood,kg,4.8,0.0,1.39,0.0,750.0,2,True,2.23,1.2,1.6385714285714286
2026-09-15,1,9,0,Salmon Fillet,Meat & Seafood,kg,3.6,0.0,1.2,0.0,750.0,2,True,1.39,1.41,1.6657142857142855
2026-09-16,2,9,0,Salmon Fillet,Meat & Seafood,kg,2.32,0.0,1.29,0.0,750.0,2,True,1.2,1.62,1.635714285714286
2026-09-17,3,9,0,Salmon Fillet,Meat & Seafood,kg,8.74,7.61,1.19,0.0,750.0,2,True,1.29,0.97,1.5885714285714285
2026-09-18,4,9,0,Salmon Fillet,Meat & Seafood,kg,11.2,4.81,2.35,0.0,750.0,2,True,1.19,2.06,1.6199999999999999
2026-09-19,5,9,1,Salmon Fillet,Meat & Seafood,kg,9.17,0.0,2.03,0.0,750.0,2,True,2.35,1.98,1.6614285714285715
2026-09-20,6,9,1,Salmon Fillet,Meat & Seafood,kg,15.15,8.58,2.6,0.0,750.0,2,True,2.03,2.23,1.6685714285714286
2026-09-21,0,9,0,Salmon Fillet,Meat & Seafood,kg,13.81,0.0,1.34,0.0,750.0,2,True,2.6,1.39,1.7214285714285713
2026-09-22,1,9,0,Salmon Fillet,Meat & Seafood,kg,12.61,0.0,1.21,0.0,750.0,2,True,1.34,1.2,1.7142857142857142
2026-09-23,2,9,0,Salmon Fillet,Meat & Seafood,kg,17.85,6.28,1.04,0.0,750.0,2,True,1.21,1.29,1.7157142857142857
2026-09-24,3,9,0,Salmon Fillet,Meat & Seafood,kg,16.86,0.0,0.98,0.0,750.0,2,True,1.04,1.19,1.68
2026-09-25,4,9,0,Salmon Fillet,Meat & Seafood,kg,15.32,0.0,1.54,0.0,750.0,2,True,0.98,2.35,1.6500000000000001
2026-09-26,5,9,1,Salmon Fillet,Meat & Seafood,kg,13.21,0.0,2.11,0.0,750.0,2,True,1.54,2.03,1.5342857142857143
2026-09-27,6,9,1,Salmon Fillet,Meat & Seafood,kg,11.03,0.0,2.18,0.0,750.0,2,True,2.11,2.6,1.5457142857142858
2026-09-28,0,9,0,Salmon Fillet,Meat & Seafood,kg,16.43,6.78,1.03,0.35,750.0,2,True,2.18,1.34,1.4857142857142858
2026-09-29,1,9,0,Salmon Fillet,Meat & Seafood,kg,14.9,0.0,1.53,0.0,750.0,2,True,1.03,1.21,1.4414285714285717
2026-04-02,3,4,0,Basmati Rice,Pantry,kg,10.83,0.0,4.17,0.0,110.0,180,True,5.514475138121547,5.514475138121547,5.514475138121547
2026-04-03,4,4,0,Basmati Rice,Pantry,kg,3.93,0.0,6.9,0.0,110.0,180,True,4.17,5.514475138121547,4.17
2026-04-04,5,4,1,Basmati Rice,Pantry,kg,25.13,29.59,8.38,0.0,110.0,180,True,6.9,5.514475138121547,5.535
2026-04-05,6,4,1,Basmati Rice,Pantry,kg,17.48,0.0,7.66,0.0,110.0,180,True,8.38,5.514475138121547,6.483333333333334
2026-04-06,0,4,0,Basmati Rice,Pantry,kg,29.35,16.19,4.32,0.0,110.0,180,True,7.66,5.514475138121547,6.7775
2026-04-07,1,4,0,Basmati Rice,Pantry,kg,25.45,0.0,3.9,0.0,110.0,180,True,4.32,5.514475138121547,6.286
2026-04-08,2,4,0,Basmati Rice,Pantry,kg,22.4,0.0,3.05,0.0,110.0,180,True,3.9,5.514475138121547,5.888333333333333
2026-04-09,3,4,0,Basmati Rice,Pantry,kg,39.13,20.75,4.01,0.0,110.0,180,True,3.05,4.17,5.482857142857143
2026-04-10,4,4,0,Basmati Rice,Pantry,kg,32.6,0.0,6.54,0.0,110.0,180,True,4.01,6.9,5.46
2026-04-11,5,4,1,Basmati Rice,Pantry,kg,51.61,24.76,5.75,0.0,110.0,180,True,6.54,8.38,5.408571428571428
2026-04-12,6,4,1,Basmati Rice,Pantry,kg,44.99,0.0,6.62,0.0,110.0,180,True,5.75,7.66,5.032857142857142
2026-04-13,0,4,0,Basmati Rice,Pantry,kg,55.24,14.79,4.55,0.0,110.0,180,True,6.62,4.32,4.884285714285714
2026-04-14,1,4,0,Basmati Rice,Pantry,kg,65.13,14.25,4.35,0.0,110.0,180,True,4.55,3.9,4.917142857142857
2026-04-15,2,4,0,Basmati Rice,Pantry,kg,81.14,20.06,4.06,0.0,110.0,180,True,4.35,3.05,4.981428571428571
2026-04-16,3,4,0,Basmati Rice,Pantry,kg,105.81,29.29,4.61,0.0,110.0,180,True,4.06,4.01,5.1257142857142854
2026-04-17,4,4,0,Basmati Rice,Pantry,kg,98.61,0.0,7.2,0.0,110.0,180,True,4.61,6.54,5.211428571428571
2026-04-18,5,4,1,Basmati Rice,Pantry,kg,92.96,0.0,5.65,0.0,110.0,180,True,7.2,5.75,5.305714285714286
2026-04-19,6,4,1,Basmati Rice,Pantry,kg,84.79,0.0,8.18,0.0,110.0,180,True,5.65,6.62,5.291428571428571
2026-04-20,0,4,0,Basmati Rice,Pantry,kg,80.35,0.0,4.43,0.0,110.0,180,True,8.18,4.55,5.514285714285714
2026-04-21,1,4,0,Basmati Rice,Pantry,kg,75.84,0.0,4.51,0.0,110.0,180,True,4.43,4.35,5.497142857142857
2026-04-22,2,4,0,Basmati Rice,Pantry,kg,70.86,0.0,4.98,0.0,110.0,180,True,4.51,4.06,5.5200000000000005
2026-04-23,3,4,0,Basmati Rice,Pantry,kg,66.2,0.0,4.66,0.0,110.0,180,True,4.98,4.61,5.651428571428572
2026-04-24,4,4,0,Basmati Rice,Pantry,kg,58.49,0.0,7.72,0.0,110.0,180,True,4.66,7.2,5.658571428571428
2026-04-25,5,4,1,Basmati Rice,Pantry,kg,51.45,0.0,7.04,0.0,110.0,180,True,7.72,5.65,5.732857142857142
2026-04-26,6,4,1,Basmati Rice,Pantry,kg,45.32,0.0,6.13,0.0,110.0,180,True,7.04,8.18,5.931428571428571
2026-04-27,0,4,0,Basmati Rice,Pantry,kg,40.58,0.0,4.74,0.0,110.0,180,True,6.13,4.43,5.638571428571429
2026-04-28,1,4,0,Basmati Rice,Pantry,kg,36.34,0.0,3.73,0.51,110.0,180,True,4.74,4.51,5.682857142857143
2026-04-29,2,4,0,Basmati Rice,Pantry,kg,31.76,0.0,4.57,0.0,110.0,180,True,3.73,4.98,5.571428571428571
2026-04-30,3,4,0,Basmati Rice,Pantry,kg,49.86,22.58,4.48,0.0,110.0,180,True,4.57,4.66,5.5128571428571425
2026-05-01,4,5,0,Basmati Rice,Pantry,kg,69.48,26.16,6.54,0.0,110.0,180,True,4.48,7.72,5.487142857142857
2026-05-02,5,5,1,Basmati Rice,Pantry,kg,62.86,0.0,6.62,0.0,110.0,180,True,6.54,7.04,5.318571428571429
2026-05-03,6,5,1,Basmati Rice,Pantry,kg,58.02,0.0,4.84,0.0,110.0,180,True,6.62,6.13,5.258571428571429
2026-05-04,0,5,0,Basmati Rice,Pantry,kg,53.89,0.0,4.13,0.0,110.0,180,True,4.84,4.74,5.074285714285714
2026-05-05,1,5,0,Basmati Rice,Pantry,kg,49.32,0.0,4.56,0.0,110.0,180,True,4.13,3.73,4.9871428571428575
2026-05-06,2,5,0,Basmati Rice,Pantry,kg,71.35,26.64,4.61,0.0,110.0,180,True,4.56,4.57,5.105714285714286
2026-05-07,3,5,0,Basmati Rice,Pantry,kg,67.54,0.0,3.81,0.0,110.0,180,True,4.61,4.48,5.111428571428571
2026-05-08,4,5,0,Basmati Rice,Pantry,kg,59.51,0.0,8.03,0.0,110.0,180,True,3.81,6.54,5.015714285714286
2026-05-09,5,5,1,Basmati Rice,Pantry,kg,70.13,16.49,5.87,0.0,110.0,180,True,8.03,6.62,5.228571428571429
2026-05-10,6,5,1,Basmati Rice,Pantry,kg,62.4,0.0,7.73,0.0,110.0,180,True,5.87,4.84,5.121428571428572
2026-05-11,0,5,0,Basmati Rice,Pantry,kg,57.61,0.0,4.79,0.0,110.0,180,True,7.73,4.13,5.534285714285715
2026-05-12,1,5,0,Basmati Rice,Pantry,kg,53.55,0.0,4.06,0.0,110.0,180,True,4.79,4.56,5.628571428571428
2026-05-13,2,5,0,Basmati Rice,Pantry,kg,47.85,0.0,5.7,0.0,110.0,180,True,4.06,4.61,5.557142857142857
2026-05-14,3,5,0,Basmati Rice,Pantry,kg,44.16,0.0,3.69,0.0,110.0,180,True,5.7,3.81,5.7128571428571435
2026-05-15,4,5,0,Basmati Rice,Pantry,kg,49.38,12.9,7.68,0.0,110.0,180,True,3.69,8.03,5.695714285714286
2026-05-16,5,5,1,Basmati Rice,Pantry,kg,41.62,0.0,7.76,0.0,110.0,180,True,7.68,5.87,5.645714285714285
2026-05-17,6,5,1,Basmati Rice,Pantry,kg,35.55,0.0,6.07,0.0,110.0,180,True,7.76,7.73,5.9157142857142855
2026-05-18,0,5,0,Basmati Rice,Pantry,kg,44.41,14.3,5.44,0.0,110.0,180,True,6.07,4.79,5.678571428571429
2026-05-19,1,5,0,Basmati Rice,Pantry,kg,40.08,0.0,4.33,0.0,110.0,180,True,5.44,4.06,5.771428571428571
2026-05-20,2,5,0,Basmati Rice,Pantry,kg,54.83,19.45,4.69,0.0,110.0,180,True,4.33,5.7,5.8100000000000005
2026-05-21,3,5,0,Basmati Rice,Pantry,kg,67.25,17.09,4.68,0.0,110.0,180,True,4.69,3.69,5.6657142857142855
2026-05-22,4,5,0,Basmati Rice,Pantry,kg,60.63,0.0,6.61,0.0,110.0,180,True,4.68,7.68,5.807142857142858
2026-05-23,5,5,1,Basmati Rice,Pantry,kg,53.06,0.0,7.57,0.0,110.0,180,True,6.61,7.76,5.654285714285715
2026-05-24,6,5,1,Basmati Rice,Pantry,kg,45.51,0.0,7.55,0.0,110.0,180,True,7.57,6.07,5.627142857142857
2026-05-25,0,5,0,Basmati Rice,Pantry,kg,68.37,27.17,3.32,0.99,110.0,180,True,7.55,5.44,5.838571428571429
2026-05-26,1,5,0,Basmati Rice,Pantry,kg,62.99,0.0,5.38,0.0,110.0,180,True,3.32,4.33,5.535714285714286
2026-05-27,2,5,0,Basmati Rice,Pantry,kg,59.62,0.0,3.38,0.0,110.0,180,True,5.38,4.69,5.685714285714285
2026-05-28,3,5,0,Basmati Rice,Pantry,kg,54.42,0.0,5.2,0.0,110.0,180,True,3.38,4.68,5.498571428571429
2026-05-29,4,5,0,Basmati Rice,Pantry,kg,46.53,0.0,7.89,0.0,110.0,180,True,5.2,6.61,5.572857142857143
2026-05-30,5,5,1,Basmati Rice,Pantry,kg,40.88,0.0,5.65,0.0,110.0,180,True,7.89,7.57,5.755714285714285
2026-05-31,6,5,1,Basmati Rice,Pantry,kg,34.55,0.0,6.33,0.0,110.0,180,True,5.65,7.55,5.481428571428571
2026-06-01,0,6,0,Basmati Rice,Pantry,kg,30.8,0.0,3.75,0.0,110.0,180,True,6.33,3.32,5.307142857142857
2026-06-02,1,6,0,Basmati Rice,Pantry,kg,26.44,0.0,4.35,0.0,110.0,180,True,3.75,5.38,5.368571428571428
2026-06-03,2,6,0,Basmati Rice,Pantry,kg,22.15,0.0,4.29,0.0,110.0,180,True,4.35,3.38,5.221428571428572
2026-06-04,3,6,0,Basmati Rice,Pantry,kg,17.12,0.0,5.03,0.0,110.0,180,True,4.29,5.2,5.351428571428571
2026-06-05,4,6,0,Basmati Rice,Pantry,kg,9.05,0.0,8.08,0.0,110.0,180,True,5.03,7.89,5.327142857142857
2026-06-06,5,6,1,Basmati Rice,Pantry,kg,17.93,17.05,8.16,0.0,110.0,180,True,8.08,5.65,5.354285714285715
2026-06-07,6,6,1,Basmati Rice,Pantry,kg,38.52,26.77,6.18,0.0,110.0,180,True,8.16,6.33,5.712857142857142
2026-06-08,0,6,0,Basmati Rice,Pantry,kg,34.16,0.0,4.36,0.0,110.0,180,True,6.18,3.75,5.691428571428572
2026-06-09,1,6,0,Basmati Rice,Pantry,kg,59.43,28.64,3.36,0.0,110.0,180,True,4.36,4.35,5.778571428571429
2026-06-10,2,6,0,Basmati Rice,Pantry,kg,54.57,0.0,3.96,0.91,110.0,180,True,3.36,4.29,5.637142857142857
2026-06-11,3,6,0,Basmati Rice,Pantry,kg,49.41,0.0,5.15,0.0,110.0,180,True,3.96,5.03,5.590000000000001
2026-06-12,4,6,0,Basmati Rice,Pantry,kg,60.07,19.04,8.39,0.0,110.0,180,True,5.15,8.08,5.607142857142857
2026-06-13,5,6,1,Basmati Rice,Pantry,kg,54.57,0.0,5.5,0.0,110.0,180,True,8.39,8.16,5.651428571428572
2026-06-14,6,6,1,Basmati Rice,Pantry,kg,73.82,25.4,6.15,0.0,110.0,180,True,5.5,6.18,5.271428571428571
2026-06-15,0,6,0,Basmati Rice,Pantry,kg,69.33,0.0,4.48,0.0,110.0,180,True,6.15,4.36,5.267142857142858
2026-06-16,1,6,0,Basmati Rice,Pantry,kg,64.65,0.0,4.69,0.0,110.0,180,True,4.48,3.36,5.284285714285715
2026-06-17,2,6,0,Basmati Rice,Pantry,kg,60.69,0.0,3.95,0.0,110.0,180,True,4.69,3.96,5.474285714285714
2026-06-18,3,6,0,Basmati Rice,Pantry,kg,55.91,0.0,4.79,0.0,110.0,180,True,3.95,5.15,5.472857142857143
2026-06-19,4,6,0,Basmati Rice,Pantry,kg,49.64,0.0,6.27,0.0,110.0,180,True,4.79,8.39,5.421428571428572
2026-06-20,5,6,1,Basmati Rice,Pantry,kg,42.9,0.0,6.74,0.0,110.0,180,True,6.27,5.5,5.118571428571429
2026-06-21,6,6,1,Basmati Rice,Pantry,kg,35.6,0.0,7.3,0.0,110.0,180,True,6.74,6.15,5.295714285714285
2026-06-22,0,6,0,Basmati Rice,Pantry,kg,31.09,0.0,4.5,0.0,110.0,180,True,7.3,4.48,5.46
2026-06-23,1,6,0,Basmati Rice,Pantry,kg,26.89,0.0,4.21,0.0,110.0,180,True,4.5,4.69,5.462857142857142
2026-06-24,2,6,0,Basmati Rice,Pantry,kg,22.46,0.0,4.43,0.0,110.0,180,True,4.21,3.95,5.394285714285714
2026-06-25,3,6,0,Basmati Rice,Pantry,kg,31.39,13.37,4.44,0.0,110.0,180,True,4.43,4.79,5.4628571428571435
2026-06-26,4,6,0,Basmati Rice,Pantry,kg,39.3,14.29,6.38,0.0,110.0,180,True,4.44,6.27,5.412857142857143
2026-06-27,5,6,1,Basmati Rice,Pantry,kg,32.82,0.0,6.49,0.0,110.0,180,True,6.38,6.74,5.428571428571429
2026-06-28,6,6,1,Basmati Rice,Pantry,kg,39.58,15.14,8.37,0.0,110.0,180,True,6.49,7.3,5.392857142857143
2026-06-29,0,6,0,Basmati Rice,Pantry,kg,34.71,0.0,4.88,0.0,110.0,180,True,8.37,4.5,5.545714285714285
2026-06-30,1,6,0,Basmati Rice,Pantry,kg,30.4,0.0,4.3,0.0,110.0,180,True,4.88,4.21,5.6000000000000005
2026-07-01,2,7,0,Basmati Rice,Pantry,kg,25.43,0.0,4.97,0.0,110.0,180,True,4.3,4.43,5.612857142857143
2026-07-02,3,7,0,Basmati Rice,Pantry,kg,21.16,0.0,4.27,0.0,110.0,180,True,4.97,4.44,5.6899999999999995
2026-07-03,4,7,0,Basmati Rice,Pantry,kg,13.22,0.0,7.94,0.0,110.0,180,True,4.27,6.38,5.665714285714286
2026-07-04,5,7,1,Basmati Rice,Pantry,kg,6.1,0.0,7.12,0.0,110.0,180,True,7.94,6.49,5.888571428571429
2026-07-05,6,7,1,Basmati Rice,Pantry,kg,20.18,20.73,6.64,0.0,110.0,180,True,7.12,8.37,5.978571428571428
2026-07-06,0,7,0,Basmati Rice,Pantry,kg,15.38,0.0,4.8,0.0,110.0,180,True,6.64,4.88,5.731428571428571
2026-07-07,1,7,0,Basmati Rice,Pantry,kg,11.94,0.0,3.44,0.0,110.0,180,True,4.8,4.3,5.72
2026-07-08,2,7,0,Basmati Rice,Pantry,kg,8.2,0.0,3.74,0.0,110.0,180,True,3.44,4.97,5.597142857142857
2026-07-09,3,7,0,Basmati Rice,Pantry,kg,4.51,0.0,3.69,0.0,110.0,180,True,3.74,4.27,5.421428571428572
2026-07-10,4,7,0,Basmati Rice,Pantry,kg,23.02,25.41,6.89,0.0,110.0,180,True,3.69,7.94,5.338571428571428
2026-07-11,5,7,1,Basmati Rice,Pantry,kg,14.52,0.0,8.5,0.0,110.0,180,True,6.89,7.12,5.188571428571429
2026-07-12,6,7,1,Basmati Rice,Pantry,kg,5.51,0.0,9.01,0.0,110.0,180,True,8.5,6.64,5.385714285714286
2026-07-13,0,7,0,Basmati Rice,Pantry,kg,21.35,20.77,4.93,0.0,110.0,180,True,9.01,4.8,5.724285714285714
2026-07-14,1,7,0,Basmati Rice,Pantry,kg,16.51,0.0,4.84,0.0,110.0,180,True,4.93,3.44,5.742857142857143
2026-07-15,2,7,0,Basmati Rice,Pantry,kg,13.23,0.0,3.28,0.0,110.0,180,True,4.84,3.74,5.942857142857143
2026-07-16,3,7,0,Basmati Rice,Pantry,kg,9.1,0.0,4.13,0.0,110.0,180,True,3.28,3.69,5.877142857142857
2026-07-17,4,7,0,Basmati Rice,Pantry,kg,3.14,0.0,5.95,0.0,110.0,180,True,4.13,6.89,5.94
2026-07-18,5,7,1,Basmati Rice,Pantry,kg,13.0,15.98,6.12,0.0,110.0,180,True,5.95,8.5,5.805714285714286
2026-07-19,6,7,1,Basmati Rice,Pantry,kg,6.42,0.0,6.58,0.0,110.0,180,True,6.12,9.01,5.465714285714286
2026-07-20,0,7,0,Basmati Rice,Pantry,kg,25.81,23.58,4.18,0.0,110.0,180,True,6.58,4.93,5.118571428571428
2026-07-21,1,7,0,Basmati Rice,Pantry,kg,39.98,17.33,3.16,0.0,110.0,180,True,4.18,4.84,5.011428571428572
2026-07-22,2,7,0,Basmati Rice,Pantry,kg,34.42,0.0,5.0,0.56,110.0,180,True,3.16,3.28,4.771428571428572
2026-07-23,3,7,0,Basmati Rice,Pantry,kg,30.64,0.0,3.78,0.0,110.0,180,True,5.0,4.13,5.017142857142858
2026-07-24,4,7,0,Basmati Rice,Pantry,kg,23.65,0.0,6.99,0.0,110.0,180,True,3.78,5.95,4.967142857142856
2026-07-25,5,7,1,Basmati Rice,Pantry,kg,30.06,15.26,8.85,0.0,110.0,180,True,6.99,6.12,5.115714285714286
2026-07-26,6,7,1,Basmati Rice,Pantry,kg,24.24,0.0,5.82,0.0,110.0,180,True,8.85,6.58,5.505714285714285
2026-07-27,0,7,0,Basmati Rice,Pantry,kg,21.45,0.0,2.79,0.0,110.0,180,True,5.82,4.18,5.397142857142858
2026-07-28,1,7,0,Basmati Rice,Pantry,kg,40.92,23.78,4.31,0.0,110.0,180,True,2.79,3.16,5.198571428571428
2026-07-29,2,7,0,Basmati Rice,Pantry,kg,35.68,0.0,5.24,0.0,110.0,180,True,4.31,5.0,5.362857142857144
2026-07-30,3,7,0,Basmati Rice,Pantry,kg,59.54,29.68,5.82,0.0,110.0,180,True,5.24,3.78,5.397142857142858
2026-07-31,4,7,0,Basmati Rice,Pantry,kg,54.03,0.0,5.51,0.0,110.0,180,True,5.82,6.99,5.688571428571429
2026-08-01,5,8,1,Basmati Rice,Pantry,kg,46.78,0.0,7.25,0.0,110.0,180,True,5.51,8.85,5.477142857142858
2026-08-02,6,8,1,Basmati Rice,Pantry,kg,40.5,0.0,6.28,0.0,110.0,180,True,7.25,5.82,5.248571428571428
2026-08-03,0,8,0,Basmati Rice,Pantry,kg,64.3,28.23,4.43,0.0,110.0,180,True,6.28,2.79,5.314285714285714
2026-08-04,1,8,0,Basmati Rice,Pantry,kg,58.01,0.0,6.28,0.0,110.0,180,True,4.43,4.31,5.548571428571428
2026-08-05,2,8,0,Basmati Rice,Pantry,kg,54.53,0.0,3.49,0.0,110.0,180,True,6.28,5.24,5.83
2026-08-06,3,8,0,Basmati Rice,Pantry,kg,68.44,18.58,4.67,0.0,110.0,180,True,3.49,5.82,5.58
2026-08-07,4,8,0,Basmati Rice,Pantry,kg,61.22,0.0,7.22,0.0,110.0,180,True,4.67,5.51,5.415714285714286
2026-08-08,5,8,1,Basmati Rice,Pantry,kg,53.37,0.0,7.85,0.0,110.0,180,True,7.22,7.25,5.660000000000001
2026-08-09,6,8,1,Basmati Rice,Pantry,kg,61.73,15.21,6.85,0.0,110.0,180,True,7.85,6.28,5.745714285714286
2026-08-10,0,8,0,Basmati Rice,Pantry,kg,57.02,0.0,4.71,0.0,110.0,180,True,6.85,4.43,5.827142857142857
2026-08-11,1,8,0,Basmati Rice,Pantry,kg,76.45,23.67,4.24,0.0,110.0,180,True,4.71,6.28,5.867142857142857
2026-08-12,2,8,0,Basmati Rice,Pantry,kg,84.6,12.83,4.68,0.0,110.0,180,True,4.24,3.49,5.575714285714286
2026-08-13,3,8,0,Basmati Rice,Pantry,kg,80.33,0.0,4.27,0.0,110.0,180,True,4.68,4.67,5.7457142857142856
2026-08-14,4,8,0,Basmati Rice,Pantry,kg,72.95,0.0,7.38,0.0,110.0,180,True,4.27,7.22,5.688571428571428
2026-08-15,5,8,1,Basmati Rice,Pantry,kg,66.57,0.0,6.38,0.0,110.0,180,True,7.38,7.85,5.711428571428571
2026-08-16,6,8,1,Basmati Rice,Pantry,kg,59.44,0.0,7.13,0.0,110.0,180,True,6.38,6.85,5.501428571428571
2026-08-17,0,8,0,Basmati Rice,Pantry,kg,54.96,0.0,4.48,0.0,110.0,180,True,7.13,4.71,5.541428571428571
2026-08-18,1,8,0,Basmati Rice,Pantry,kg,49.7,0.0,5.26,0.0,110.0,180,True,4.48,4.24,5.508571428571428
2026-08-19,2,8,0,Basmati Rice,Pantry,kg,66.89,21.66,4.47,0.0,110.0,180,True,5.26,4.68,5.654285714285714
2026-08-20,3,8,0,Basmati Rice,Pantry,kg,63.59,0.0,3.3,0.0,110.0,180,True,4.47,4.27,5.6242857142857146
2026-08-21,4,8,0,Basmati Rice,Pantry,kg,55.56,0.0,8.03,0.0,110.0,180,True,3.3,7.38,5.485714285714286
2026-08-22,5,8,1,Basmati Rice,Pantry,kg,49.73,0.0,5.83,0.0,110.0,180,True,8.03,6.38,5.578571428571428
2026-08-23,6,8,1,Basmati Rice,Pantry,kg,43.64,0.0,6.09,0.0,110.0,180,True,5.83,7.13,5.5
2026-08-24,0,8,0,Basmati Rice,Pantry,kg,39.54,0.0,4.1,0.0,110.0,180,True,6.09,4.48,5.351428571428571
2026-08-25,1,8,0,Basmati Rice,Pantry,kg,34.12,0.0,5.43,0.0,110.0,180,True,4.1,5.26,5.297142857142857
2026-08-26,2,8,0,Basmati Rice,Pantry,kg,31.06,0.0,3.06,0.0,110.0,180,True,5.43,4.47,5.321428571428571
2026-08-27,3,8,0,Basmati Rice,Pantry,kg,53.22,28.78,6.62,0.0,110.0,180,True,3.06,3.3,5.12
2026-08-28,4,8,0,Basmati Rice,Pantry,kg,45.4,0.0,7.82,0.0,110.0,180,True,6.62,8.03,5.594285714285713
2026-08-29,5,8,1,Basmati Rice,Pantry,kg,64.94,26.52,6.98,0.0,110.0,180,True,7.82,5.83,5.564285714285715
2026-08-30,6,8,1,Basmati Rice,Pantry,kg,58.25,0.0,6.69,0.0,110.0,180,True,6.98,6.09,5.728571428571429
2026-08-31,0,8,0,Basmati Rice,Pantry,kg,53.55,0.0,4.69,0.0,110.0,180,True,6.69,4.1,5.814285714285714
2026-09-01,1,9,0,Basmati Rice,Pantry,kg,48.7,0.0,4.85,0.0,110.0,180,True,4.69,5.43,5.898571428571429
2026-09-02,2,9,0,Basmati Rice,Pantry,kg,43.77,0.0,4.94,0.0,110.0,180,True,4.85,3.06,5.815714285714285
2026-09-03,3,9,0,Basmati Rice,Pantry,kg,56.71,17.82,4.88,0.0,110.0,180,True,4.94,6.62,6.0842857142857145
2026-09-04,4,9,0,Basmati Rice,Pantry,kg,49.87,0.0,6.84,0.0,110.0,180,True,4.88,7.82,5.8357142857142845
2026-09-05,5,9,1,Basmati Rice,Pantry,kg,43.32,0.0,6.55,0.0,110.0,180,True,6.84,6.98,5.695714285714287
2026-09-06,6,9,1,Basmati Rice,Pantry,kg,58.43,21.71,6.6,0.0,110.0,180,True,6.55,6.69,5.634285714285714
2026-09-07,0,9,0,Basmati Rice,Pantry,kg,54.06,0.0,4.37,0.0,110.0,180,True,6.6,4.69,5.621428571428572
2026-09-08,1,9,0,Basmati Rice,Pantry,kg,48.8,0.0,5.27,0.0,110.0,180,True,4.37,4.85,5.575714285714286
2026-09-09,2,9,0,Basmati Rice,Pantry,kg,67.57,23.68,4.9,0.0,110.0,180,True,5.27,4.94,5.635714285714286
2026-09-10,3,9,0,Basmati Rice,Pantry,kg,65.06,0.0,2.52,0.0,110.0,180,True,4.9,4.88,5.63
2026-09-11,4,9,0,Basmati Rice,Pantry,kg,57.64,0.0,7.41,0.0,110.0,180,True,2.52,6.84,5.292857142857144
2026-09-12,5,9,1,Basmati Rice,Pantry,kg,70.22,19.53,6.95,0.0,110.0,180,True,7.41,6.55,5.374285714285714
2026-09-13,6,9,1,Basmati Rice,Pantry,kg,93.46,29.97,6.73,0.0,110.0,180,True,6.95,6.6,5.431428571428571
2026-09-14,0,9,0,Basmati Rice,Pantry,kg,89.23,0.0,4.24,0.0,110.0,180,True,6.73,4.37,5.45
2026-09-15,1,9,0,Basmati Rice,Pantry,kg,83.97,0.0,5.26,0.0,110.0,180,True,4.24,5.27,5.4314285714285715
2026-09-16,2,9,0,Basmati Rice,Pantry,kg,78.83,0.0,5.14,0.0,110.0,180,True,5.26,4.9,5.43
2026-09-17,3,9,0,Basmati Rice,Pantry,kg,74.85,0.0,3.98,0.0,110.0,180,True,5.14,2.52,5.464285714285714
2026-09-18,4,9,0,Basmati Rice,Pantry,kg,67.69,0.0,7.16,0.0,110.0,180,True,3.98,7.41,5.672857142857143
2026-09-19,5,9,1,Basmati Rice,Pantry,kg,87.82,25.9,5.77,0.0,110.0,180,True,7.16,6.95,5.637142857142857
2026-09-20,6,9,1,Basmati Rice,Pantry,kg,82.47,0.0,5.35,0.0,110.0,180,True,5.77,6.73,5.468571428571429
2026-09-21,0,9,0,Basmati Rice,Pantry,kg,78.39,0.0,4.08,0.0,110.0,180,True,5.35,4.24,5.271428571428571
2026-09-22,1,9,0,Basmati Rice,Pantry,kg,73.31,0.0,5.08,0.0,110.0,180,True,4.08,5.26,5.248571428571428
2026-09-23,2,9,0,Basmati Rice,Pantry,kg,68.17,0.0,5.14,0.0,110.0,180,True,5.08,5.14,5.222857142857143
2026-09-24,3,9,0,Basmati Rice,Pantry,kg,63.32,0.0,4.85,0.0,110.0,180,True,5.14,3.98,5.222857142857142
2026-09-25,4,9,0,Basmati Rice,Pantry,kg,55.83,0.0,7.48,0.0,110.0,180,True,4.85,7.16,5.347142857142857
2026-09-26,5,9,1,Basmati Rice,Pantry,kg,46.04,0.0,7.27,2.52,110.0,180,True,7.48,5.77,5.392857142857143
2026-09-27,6,9,1,Basmati Rice,Pantry,kg,39.94,0.0,6.1,0.0,110.0,180,True,7.27,5.35,5.607142857142857
2026-09-28,0,9,0,Basmati Rice,Pantry,kg,35.15,0.0,4.79,0.0,110.0,180,True,6.1,4.08,5.714285714285714
2026-09-29,1,9,0,Basmati Rice,Pantry,kg,30.11,0.0,5.04,0.0,110.0,180,True,4.79,5.08,5.815714285714286
2026-04-02,3,4,0,Eggs,Pantry,units,103.37,67.41,18.03,0.0,7.0,21,True,19.55060773480663,19.55060773480663,19.55060773480663
2026-04-03,4,4,0,Eggs,Pantry,units,74.74,0.0,28.63,0.0,7.0,21,True,18.03,19.55060773480663,18.03
2026-04-04,5,4,1,Eggs,Pantry,units,143.96,96.1,26.88,0.0,7.0,21,True,28.63,19.55060773480663,23.33
2026-04-05,6,4,1,Eggs,Pantry,units,118.37,0.0,25.58,0.0,7.0,21,True,26.88,19.55060773480663,24.513333333333332
2026-04-06,0,4,0,Eggs,Pantry,units,99.57,0.0,18.8,0.0,7.0,21,True,25.58,19.55060773480663,24.78
2026-04-07,1,4,0,Eggs,Pantry,units,83.44,0.0,16.14,0.0,7.0,21,True,18.8,19.55060773480663,23.584
2026-04-08,2,4,0,Eggs,Pantry,units,69.38,0.0,14.06,0.0,7.0,21,True,16.14,19.55060773480663,22.343333333333334
2026-04-09,3,4,0,Eggs,Pantry,units,53.58,0.0,15.8,0.0,7.0,21,True,14.06,18.03,21.16
2026-04-10,4,4,0,Eggs,Pantry,units,31.99,0.0,21.58,0.0,7.0,21,True,15.8,28.63,20.84142857142857
2026-04-11,5,4,1,Eggs,Pantry,units,101.19,91.04,21.84,0.0,7.0,21,True,21.58,26.88,19.834285714285716
2026-04-12,6,4,1,Eggs,Pantry,units,125.94,48.52,23.77,0.0,7.0,21,True,21.84,25.58,19.114285714285717
2026-04-13,0,4,0,Eggs,Pantry,units,111.67,0.0,14.27,0.0,7.0,21,True,23.77,18.8,18.85571428571429
2026-04-14,1,4,0,Eggs,Pantry,units,96.22,0.0,15.45,0.0,7.0,21,True,14.27,16.14,18.208571428571428
2026-04-15,2,4,0,Eggs,Pantry,units,84.62,0.0,11.6,0.0,7.0,21,True,15.45,14.06,18.11
2026-04-16,3,4,0,Eggs,Pantry,units,67.9,0.0,16.72,0.0,7.0,21,True,11.6,15.8,17.758571428571425
2026-04-17,4,4,0,Eggs,Pantry,units,137.57,93.98,24.3,0.0,7.0,21,True,16.72,21.58,17.889999999999997
2026-04-18,5,4,1,Eggs,Pantry,units,116.25,0.0,21.32,0.0,7.0,21,True,24.3,21.84,18.27857142857143
2026-04-19,6,4,1,Eggs,Pantry,units,89.55,0.0,26.7,0.0,7.0,21,True,21.32,23.77,18.204285714285714
2026-04-20,0,4,0,Eggs,Pantry,units,71.07,0.0,18.48,0.0,7.0,21,True,26.7,14.27,18.622857142857146
2026-04-21,1,4,0,Eggs,Pantry,units,149.87,91.09,12.29,0.0,7.0,21,True,18.48,15.45,19.224285714285713
2026-04-22,2,4,0,Eggs,Pantry,units,135.52,0.0,14.35,0.0,7.0,21,True,12.29,11.6,18.77285714285714
2026-04-23,3,4,0,Eggs,Pantry,units,121.19,0.0,14.33,0.0,7.0,21,True,14.35,16.72,19.165714285714284
2026-04-24,4,4,0,Eggs,Pantry,units,100.32,0.0,20.87,0.0,7.0,21,True,14.33,24.3,18.824285714285715
2026-04-25,5,4,1,Eggs,Pantry,units,123.19,50.2,27.32,0.0,7.0,21,True,20.87,21.32,18.334285714285716
2026-04-26,6,4,1,Eggs,Pantry,units,169.75,70.15,23.59,0.0,7.0,21,True,27.32,26.7,19.19142857142857
2026-04-27,0,4,0,Eggs,Pantry,units,154.19,0.0,15.56,0.0,7.0,21,True,23.59,18.48,18.747142857142855
2026-04-28,1,4,0,Eggs,Pantry,units,196.36,53.5,11.33,0.0,7.0,21,True,15.56,12.29,18.330000000000002
2026-04-29,2,4,0,Eggs,Pantry,units,178.61,0.0,17.74,0.0,7.0,21,True,11.33,14.35,18.192857142857143
2026-04-30,3,4,0,Eggs,Pantry,units,249.23,83.81,13.19,0.0,7.0,21,True,17.74,14.33,18.677142857142858
2026-05-01,4,5,0,Eggs,Pantry,units,274.23,49.51,24.52,0.0,7.0,21,True,13.19,20.87,18.514285714285712
2026-05-02,5,5,1,Eggs,Pantry,units,248.92,0.0,25.31,0.0,7.0,21,True,24.52,27.32,19.035714285714285
2026-05-03,6,5,1,Eggs,Pantry,units,306.98,87.32,29.26,0.0,7.0,21,True,25.31,23.59,18.74857142857143
2026-05-04,0,5,0,Eggs,Pantry,units,293.96,0.0,13.02,0.0,7.0,21,True,29.26,15.56,19.55857142857143
2026-05-05,1,5,0,Eggs,Pantry,units,283.39,0.0,8.86,1.7,7.0,21,True,13.02,11.33,19.195714285714285
2026-05-06,2,5,0,Eggs,Pantry,units,266.75,0.0,16.65,0.0,7.0,21,True,8.86,17.74,18.842857142857145
2026-05-07,3,5,0,Eggs,Pantry,units,246.17,0.0,20.58,0.0,7.0,21,True,16.65,13.19,18.687142857142856
2026-05-08,4,5,0,Eggs,Pantry,units,265.18,47.83,28.82,0.0,7.0,21,True,20.58,24.52,19.74285714285714
2026-05-09,5,5,1,Eggs,Pantry,units,308.67,68.55,25.06,0.0,7.0,21,True,28.82,25.31,20.357142857142858
2026-05-10,6,5,1,Eggs,Pantry,units,286.16,0.0,22.51,0.0,7.0,21,True,25.06,29.26,20.321428571428573
2026-05-11,0,5,0,Eggs,Pantry,units,372.78,104.78,18.16,0.0,7.0,21,True,22.51,13.02,19.357142857142858
2026-05-12,1,5,0,Eggs,Pantry,units,358.95,0.0,13.83,0.0,7.0,21,True,18.16,8.86,20.09142857142857
2026-05-13,2,5,0,Eggs,Pantry,units,430.3,88.71,17.36,0.0,7.0,21,True,13.83,16.65,20.80142857142857
2026-05-14,3,5,0,Eggs,Pantry,units,410.03,0.0,17.43,2.84,7.0,21,True,17.36,20.58,20.90285714285714
2026-05-15,4,5,0,Eggs,Pantry,units,381.87,0.0,28.16,0.0,7.0,21,True,17.43,28.82,20.45285714285714
2026-05-16,5,5,1,Eggs,Pantry,units,347.51,0.0,34.36,0.0,7.0,21,True,28.16,25.06,20.358571428571427
2026-05-17,6,5,1,Eggs,Pantry,units,321.78,0.0,25.73,0.0,7.0,21,True,34.36,22.51,21.687142857142856
2026-05-18,0,5,0,Eggs,Pantry,units,391.73,89.02,14.96,4.11,7.0,21,True,25.73,18.16,22.147142857142857
2026-05-19,1,5,0,Eggs,Pantry,units,375.59,0.0,16.14,0.0,7.0,21,True,14.96,13.83,21.69
2026-05-20,2,5,0,Eggs,Pantry,units,426.58,62.89,11.9,0.0,7.0,21,True,16.14,17.36,22.020000000000003
2026-05-21,3,5,0,Eggs,Pantry,units,412.07,0.0,14.51,0.0,7.0,21,True,11.9,17.43,21.240000000000002
2026-05-22,4,5,0,Eggs,Pantry,units,384.32,0.0,22.81,4.94,7.0,21,True,14.51,28.16,20.822857142857146
2026-05-23,5,5,1,Eggs,Pantry,units,361.93,0.0,22.39,0.0,7.0,21,True,22.81,34.36,20.05857142857143
2026-05-24,6,5,1,Eggs,Pantry,units,337.08,0.0,24.86,0.0,7.0,21,True,22.39,25.73,18.34857142857143
2026-05-25,0,5,0,Eggs,Pantry,units,422.52,99.65,14.2,0.0,7.0,21,True,24.86,14.96,18.224285714285713
2026-05-26,1,5,0,Eggs,Pantry,units,472.58,68.98,18.92,0.0,7.0,21,True,14.2,16.14,18.115714285714287
2026-05-27,2,5,0,Eggs,Pantry,units,521.25,64.87,16.2,0.0,7.0,21,True,18.92,11.9,18.512857142857143
2026-05-28,3,5,0,Eggs,Pantry,units,505.08,0.0,16.18,0.0,7.0,21,True,16.2,14.51,19.127142857142854
2026-05-29,4,5,0,Eggs,Pantry,units,481.97,0.0,23.1,0.0,7.0,21,True,16.18,22.81,19.365714285714287
2026-05-30,5,5,1,Eggs,Pantry,units,452.78,0.0,24.87,4.33,7.0,21,True,23.1,22.39,19.407142857142855
2026-05-31,6,5,1,Eggs,Pantry,units,425.47,0.0,27.31,0.0,7.0,21,True,24.87,24.86,19.761428571428574
2026-06-01,0,6,0,Eggs,Pantry,units,411.38,0.0,14.09,0.0,7.0,21,True,27.31,14.2,20.111428571428572
2026-06-02,1,6,0,Eggs,Pantry,units,396.78,0.0,14.6,0.0,7.0,21,True,14.09,18.92,20.095714285714287
2026-06-03,2,6,0,Eggs,Pantry,units,381.31,0.0,15.46,0.0,7.0,21,True,14.6,16.2,19.478571428571428
2026-06-04,3,6,0,Eggs,Pantry,units,368.38,0.0,12.93,0.0,7.0,21,True,15.46,16.18,19.37285714285714
2026-06-05,4,6,0,Eggs,Pantry,units,347.07,0.0,21.31,0.0,7.0,21,True,12.93,23.1,18.90857142857143
2026-06-06,5,6,1,Eggs,Pantry,units,324.51,0.0,22.56,0.0,7.0,21,True,21.31,24.87,18.65285714285714
2026-06-07,6,6,1,Eggs,Pantry,units,289.7,0.0,27.49,7.32,7.0,21,True,22.56,27.31,18.322857142857142
2026-06-08,0,6,0,Eggs,Pantry,units,272.86,0.0,16.84,0.0,7.0,21,True,27.49,14.09,18.34857142857143
2026-06-09,1,6,0,Eggs,Pantry,units,256.19,0.0,16.67,0.0,7.0,21,True,16.84,14.6,18.74142857142857
2026-06-10,2,6,0,Eggs,Pantry,units,307.0,69.08,18.27,0.0,7.0,21,True,16.67,15.46,19.037142857142857
2026-06-11,3,6,0,Eggs,Pantry,units,291.14,0.0,15.87,0.0,7.0,21,True,18.27,12.93,19.43857142857143
2026-06-12,4,6,0,Eggs,Pantry,units,325.56,60.14,25.72,0.0,7.0,21,True,15.87,21.31,19.858571428571427
2026-06-13,5,6,1,Eggs,Pantry,units,301.63,0.0,23.92,0.0,7.0,21,True,25.72,22.56,20.488571428571426
2026-06-14,6,6,1,Eggs,Pantry,units,276.36,0.0,25.27,0.0,7.0,21,True,23.92,27.49,20.68285714285714
2026-06-15,0,6,0,Eggs,Pantry,units,315.31,53.73,14.78,0.0,7.0,21,True,25.27,16.84,20.365714285714287
2026-06-16,1,6,0,Eggs,Pantry,units,305.04,0.0,10.27,0.0,7.0,21,True,14.78,16.67,20.071428571428573
2026-06-17,2,6,0,Eggs,Pantry,units,289.16,0.0,15.87,0.0,7.0,21,True,10.27,18.27,19.157142857142855
2026-06-18,3,6,0,Eggs,Pantry,units,269.51,0.0,19.66,0.0,7.0,21,True,15.87,15.87,18.814285714285713
2026-06-19,4,6,0,Eggs,Pantry,units,241.83,0.0,27.68,0.0,7.0,21,True,19.66,25.72,19.35571428571428
2026-06-20,5,6,1,Eggs,Pantry,units,317.79,103.78,27.82,0.0,7.0,21,True,27.68,23.92,19.635714285714283
2026-06-21,6,6,1,Eggs,Pantry,units,288.99,0.0,28.81,0.0,7.0,21,True,27.82,25.27,20.192857142857143
2026-06-22,0,6,0,Eggs,Pantry,units,272.57,0.0,16.42,0.0,7.0,21,True,28.81,14.78,20.698571428571427
2026-06-23,1,6,0,Eggs,Pantry,units,255.89,0.0,16.68,0.0,7.0,21,True,16.42,10.27,20.93285714285714
2026-06-24,2,6,0,Eggs,Pantry,units,241.19,0.0,14.7,0.0,7.0,21,True,16.68,15.87,21.84857142857143
2026-06-25,3,6,0,Eggs,Pantry,units,225.76,0.0,15.43,0.0,7.0,21,True,14.7,19.66,21.681428571428572
2026-06-26,4,6,0,Eggs,Pantry,units,199.22,0.0,26.54,0.0,7.0,21,True,15.43,27.68,21.07714285714286
2026-06-27,5,6,1,Eggs,Pantry,units,170.53,0.0,28.69,0.0,7.0,21,True,26.54,27.82,20.914285714285715
2026-06-28,6,6,1,Eggs,Pantry,units,146.74,0.0,23.79,0.0,7.0,21,True,28.69,28.81,21.038571428571426
2026-06-29,0,6,0,Eggs,Pantry,units,131.63,0.0,15.11,0.0,7.0,21,True,23.79,16.42,20.321428571428573
2026-06-30,1,6,0,Eggs,Pantry,units,208.46,93.03,16.2,0.0,7.0,21,True,15.11,16.68,20.134285714285713
2026-07-01,2,7,0,Eggs,Pantry,units,190.8,0.0,17.66,0.0,7.0,21,True,16.2,14.7,20.065714285714286
2026-07-02,3,7,0,Eggs,Pantry,units,237.74,59.63,12.69,0.0,7.0,21,True,17.66,15.43,20.488571428571426
2026-07-03,4,7,0,Eggs,Pantry,units,221.81,0.0,15.93,0.0,7.0,21,True,12.69,26.54,20.09714285714286
2026-07-04,5,7,1,Eggs,Pantry,units,199.51,0.0,22.29,0.0,7.0,21,True,15.93,28.69,18.58142857142857
2026-07-05,6,7,1,Eggs,Pantry,units,179.66,0.0,19.85,0.0,7.0,21,True,22.29,23.79,17.667142857142856
2026-07-06,0,7,0,Eggs,Pantry,units,164.7,0.0,14.97,0.0,7.0,21,True,19.85,15.11,17.104285714285716
2026-07-07,1,7,0,Eggs,Pantry,units,148.86,0.0,15.84,0.0,7.0,21,True,14.97,16.2,17.084285714285716
2026-07-08,2,7,0,Eggs,Pantry,units,180.79,47.03,15.1,0.0,7.0,21,True,15.84,17.66,17.032857142857143
2026-07-09,3,7,0,Eggs,Pantry,units,223.06,62.0,19.73,0.0,7.0,21,True,15.1,12.69,16.667142857142856
2026-07-10,4,7,0,Eggs,Pantry,units,197.57,0.0,25.49,0.0,7.0,21,True,19.73,15.93,17.672857142857143
2026-07-11,5,7,1,Eggs,Pantry,units,172.18,0.0,25.4,0.0,7.0,21,True,25.49,22.29,19.03857142857143
2026-07-12,6,7,1,Eggs,Pantry,units,145.61,0.0,26.57,0.0,7.0,21,True,25.4,19.85,19.482857142857142
2026-07-13,0,7,0,Eggs,Pantry,units,132.17,0.0,13.43,0.0,7.0,21,True,26.57,14.97,20.442857142857143
2026-07-14,1,7,0,Eggs,Pantry,units,113.45,0.0,18.73,0.0,7.0,21,True,13.43,15.84,20.222857142857144
2026-07-15,2,7,0,Eggs,Pantry,units,167.94,70.51,16.02,0.0,7.0,21,True,18.73,15.1,20.635714285714283
2026-07-16,3,7,0,Eggs,Pantry,units,150.11,0.0,17.83,0.0,7.0,21,True,16.02,19.73,20.767142857142858
2026-07-17,4,7,0,Eggs,Pantry,units,129.72,0.0,20.39,0.0,7.0,21,True,17.83,25.49,20.495714285714286
2026-07-18,5,7,1,Eggs,Pantry,units,111.08,0.0,18.64,0.0,7.0,21,True,20.39,25.4,19.767142857142858
2026-07-19,6,7,1,Eggs,Pantry,units,83.8,0.0,27.28,0.0,7.0,21,True,18.64,26.57,18.80142857142857
2026-07-20,0,7,0,Eggs,Pantry,units,66.69,0.0,17.11,0.0,7.0,21,True,27.28,13.43,18.90285714285714
2026-07-21,1,7,0,Eggs,Pantry,units,52.68,0.0,14.01,0.0,7.0,21,True,17.11,18.73,19.428571428571427
2026-07-22,2,7,0,Eggs,Pantry,units,146.33,107.74,14.09,0.0,7.0,21,True,14.01,16.02,18.754285714285714
2026-07-23,3,7,0,Eggs,Pantry,units,127.39,0.0,18.93,0.0,7.0,21,True,14.09,17.83,18.478571428571428
2026-07-24,4,7,0,Eggs,Pantry,units,107.43,0.0,19.96,0.0,7.0,21,True,18.93,20.39,18.635714285714283
2026-07-25,5,7,1,Eggs,Pantry,units,77.14,0.0,30.29,0.0,7.0,21,True,19.96,18.64,18.57428571428571
2026-07-26,6,7,1,Eggs,Pantry,units,56.12,0.0,21.02,0.0,7.0,21,True,30.29,27.28,20.238571428571426
2026-07-27,0,7,0,Eggs,Pantry,units,38.37,0.0,17.75,0.0,7.0,21,True,21.02,17.11,19.344285714285714
2026-07-28,1,7,0,Eggs,Pantry,units,22.97,0.0,15.4,0.0,7.0,21,True,17.75,14.01,19.435714285714283
2026-07-29,2,7,0,Eggs,Pantry,units,88.93,83.63,17.67,0.0,7.0,21,True,15.4,14.09,19.634285714285713
2026-07-30,3,7,0,Eggs,Pantry,units,74.06,0.0,14.88,0.0,7.0,21,True,17.67,18.93,20.145714285714288
2026-07-31,4,7,0,Eggs,Pantry,units,50.35,0.0,23.71,0.0,7.0,21,True,14.88,19.96,19.56714285714286
2026-08-01,5,8,1,Eggs,Pantry,units,25.9,0.0,24.45,0.0,7.0,21,True,23.71,30.29,20.102857142857143
2026-08-02,6,8,1,Eggs,Pantry,units,99.31,94.06,20.65,0.0,7.0,21,True,24.45,21.02,19.26857142857143
2026-08-03,0,8,0,Eggs,Pantry,units,81.31,0.0,18.0,0.0,7.0,21,True,20.65,17.75,19.215714285714284
2026-08-04,1,8,0,Eggs,Pantry,units,66.36,0.0,14.95,0.0,7.0,21,True,18.0,15.4,19.25142857142857
2026-08-05,2,8,0,Eggs,Pantry,units,132.9,82.19,15.64,0.0,7.0,21,True,14.95,17.67,19.187142857142856
2026-08-06,3,8,0,Eggs,Pantry,units,192.77,73.65,13.78,0.0,7.0,21,True,15.64,14.88,18.897142857142857
2026-08-07,4,8,0,Eggs,Pantry,units,177.81,0.0,14.96,0.0,7.0,21,True,13.78,23.71,18.740000000000002
2026-08-08,5,8,1,Eggs,Pantry,units,154.2,0.0,23.6,0.0,7.0,21,True,14.96,24.45,17.49
2026-08-09,6,8,1,Eggs,Pantry,units,173.3,52.19,33.09,0.0,7.0,21,True,23.6,20.65,17.368571428571432
2026-08-10,0,8,0,Eggs,Pantry,units,155.19,0.0,18.11,0.0,7.0,21,True,33.09,18.0,19.145714285714288
2026-08-11,1,8,0,Eggs,Pantry,units,139.04,0.0,16.15,0.0,7.0,21,True,18.11,14.95,19.16142857142857
2026-08-12,2,8,0,Eggs,Pantry,units,123.48,0.0,15.56,0.0,7.0,21,True,16.15,15.64,19.332857142857144
2026-08-13,3,8,0,Eggs,Pantry,units,107.23,0.0,16.25,0.0,7.0,21,True,15.56,13.78,19.321428571428573
2026-08-14,4,8,0,Eggs,Pantry,units,80.93,0.0,26.29,0.0,7.0,21,True,16.25,14.96,19.67428571428572
2026-08-15,5,8,1,Eggs,Pantry,units,60.93,0.0,20.0,0.0,7.0,21,True,26.29,23.6,21.292857142857144
2026-08-16,6,8,1,Eggs,Pantry,units,132.31,99.74,28.36,0.0,7.0,21,True,20.0,33.09,20.778571428571432
2026-08-17,0,8,0,Eggs,Pantry,units,114.37,0.0,17.94,0.0,7.0,21,True,28.36,18.11,20.102857142857143
2026-08-18,1,8,0,Eggs,Pantry,units,96.43,0.0,17.95,0.0,7.0,21,True,17.94,16.15,20.078571428571426
2026-08-19,2,8,0,Eggs,Pantry,units,79.16,0.0,17.27,0.0,7.0,21,True,17.95,15.56,20.335714285714285
2026-08-20,3,8,0,Eggs,Pantry,units,116.2,53.29,16.25,0.0,7.0,21,True,17.27,16.25,20.580000000000002
2026-08-21,4,8,0,Eggs,Pantry,units,89.45,0.0,26.75,0.0,7.0,21,True,16.25,26.29,20.580000000000002
2026-08-22,5,8,1,Eggs,Pantry,units,62.99,0.0,26.46,0.0,7.0,21,True,26.75,20.0,20.645714285714288
2026-08-23,6,8,1,Eggs,Pantry,units,31.59,0.0,23.01,8.39,7.0,21,True,26.46,28.36,21.56857142857143
2026-08-24,0,8,0,Eggs,Pantry,units,98.88,82.1,14.81,0.0,7.0,21,True,23.01,17.94,20.804285714285715
2026-08-25,1,8,0,Eggs,Pantry,units,82.44,0.0,16.45,0.0,7.0,21,True,14.81,17.95,20.357142857142858
2026-08-26,2,8,0,Eggs,Pantry,units,62.47,0.0,19.96,0.0,7.0,21,True,16.45,17.27,20.142857142857142
2026-08-27,3,8,0,Eggs,Pantry,units,49.28,0.0,13.19,0.0,7.0,21,True,19.96,16.25,20.527142857142856
2026-08-28,4,8,0,Eggs,Pantry,units,30.33,0.0,18.95,0.0,7.0,21,True,13.19,26.75,20.09
2026-08-29,5,8,1,Eggs,Pantry,units,53.51,48.08,24.9,0.0,7.0,21,True,18.95,26.46,18.975714285714282
2026-08-30,6,8,1,Eggs,Pantry,units,29.03,0.0,24.49,0.0,7.0,21,True,24.9,23.01,18.752857142857145
2026-08-31,0,8,0,Eggs,Pantry,units,12.41,0.0,16.62,0.0,7.0,21,True,24.49,14.81,18.964285714285715
2026-09-01,1,9,0,Eggs,Pantry,units,93.41,97.79,16.79,0.0,7.0,21,True,16.62,16.45,19.222857142857144
2026-09-02,2,9,0,Eggs,Pantry,units,77.75,0.0,15.66,0.0,7.0,21,True,16.79,19.96,19.271428571428572
2026-09-03,3,9,0,Eggs,Pantry,units,57.93,0.0,19.82,0.0,7.0,21,True,15.66,13.19,18.657142857142855
2026-09-04,4,9,0,Eggs,Pantry,units,39.47,0.0,18.46,0.0,7.0,21,True,19.82,18.95,19.604285714285712
2026-09-05,5,9,1,Eggs,Pantry,units,18.19,0.0,21.28,0.0,7.0,21,True,18.46,24.9,19.534285714285716
2026-09-06,6,9,1,Eggs,Pantry,units,88.86,94.6,23.92,0.0,7.0,21,True,21.28,24.49,19.017142857142858
2026-09-07,0,9,0,Eggs,Pantry,units,76.66,0.0,12.21,0.0,7.0,21,True,23.92,16.62,18.935714285714287
2026-09-08,1,9,0,Eggs,Pantry,units,60.88,0.0,15.77,0.0,7.0,21,True,12.21,16.79,18.305714285714284
2026-09-09,2,9,0,Eggs,Pantry,units,40.65,0.0,20.24,0.0,7.0,21,True,15.77,15.66,18.16
2026-09-10,3,9,0,Eggs,Pantry,units,24.4,0.0,16.25,0.0,7.0,21,True,20.24,19.82,18.814285714285717
2026-09-11,4,9,0,Eggs,Pantry,units,71.18,71.92,25.14,0.0,7.0,21,True,16.25,18.46,18.304285714285715
2026-09-12,5,9,1,Eggs,Pantry,units,51.47,0.0,19.71,0.0,7.0,21,True,25.14,21.28,19.25857142857143
2026-09-13,6,9,1,Eggs,Pantry,units,29.42,0.0,22.05,0.0,7.0,21,True,19.71,23.92,19.034285714285716
2026-09-14,0,9,0,Eggs,Pantry,units,14.13,0.0,15.29,0.0,7.0,21,True,22.05,12.21,18.767142857142858
2026-09-15,1,9,0,Eggs,Pantry,units,87.54,88.84,15.43,0.0,7.0,21,True,15.29,15.77,19.207142857142856
2026-09-16,2,9,0,Eggs,Pantry,units,159.2,90.97,19.31,0.0,7.0,21,True,15.43,20.24,19.15857142857143
2026-09-17,3,9,0,Eggs,Pantry,units,141.64,0.0,17.56,0.0,7.0,21,True,19.31,16.25,19.025714285714287
2026-09-18,4,9,0,Eggs,Pantry,units,121.39,0.0,20.25,0.0,7.0,21,True,17.56,25.14,19.212857142857143
2026-09-19,5,9,1,Eggs,Pantry,units,96.19,0.0,25.2,0.0,7.0,21,True,20.25,19.71,18.514285714285712
2026-09-20,6,9,1,Eggs,Pantry,units,70.08,0.0,26.12,0.0,7.0,21,True,25.2,22.05,19.298571428571428
2026-09-21,0,9,0,Eggs,Pantry,units,51.11,0.0,18.97,0.0,7.0,21,True,26.12,15.29,19.88
2026-09-22,1,9,0,Eggs,Pantry,units,31.07,0.0,20.04,0.0,7.0,21,True,18.97,15.43,20.405714285714286
2026-09-23,2,9,0,Eggs,Pantry,units,17.33,0.0,13.73,0.0,7.0,21,True,20.04,19.31,21.064285714285713
2026-09-24,3,9,0,Eggs,Pantry,units,87.91,84.81,14.23,0.0,7.0,21,True,13.73,17.56,20.267142857142858
2026-09-25,4,9,0,Eggs,Pantry,units,151.59,83.39,19.72,0.0,7.0,21,True,14.23,20.25,19.791428571428572
2026-09-26,5,9,1,Eggs,Pantry,units,125.63,0.0,23.45,2.51,7.0,21,True,19.72,25.2,19.715714285714284
2026-09-27,6,9,1,Eggs,Pantry,units,99.63,0.0,26.0,0.0,7.0,21,True,23.45,26.12,19.465714285714284
2026-09-28,0,9,0,Eggs,Pantry,units,81.03,0.0,18.6,0.0,7.0,21,True,26.0,18.97,19.448571428571427
2026-09-29,1,9,0,Eggs,Pantry,units,65.01,0.0,16.02,0.0,7.0,21,True,18.6,20.04,19.395714285714288
2026-04-02,3,4,0,Orange Juice,Beverages,L,4.29,0.0,1.71,0.0,120.0,8,True,2.2071270718232046,2.2071270718232046,2.2071270718232046
2026-04-03,4,4,0,Orange Juice,Beverages,L,1.08,0.0,2.76,0.44,120.0,8,True,1.71,2.2071270718232046,1.71
2026-04-04,5,4,1,Orange Juice,Beverages,L,5.69,6.97,2.36,0.0,120.0,8,True,2.76,2.2071270718232046,2.235
2026-04-05,6,4,1,Orange Juice,Beverages,L,2.15,0.0,3.55,0.0,120.0,8,True,2.36,2.2071270718232046,2.276666666666667
2026-04-06,0,4,0,Orange Juice,Beverages,L,0.36,0.0,1.37,0.42,120.0,8,True,3.55,2.2071270718232046,2.5949999999999998
2026-04-07,1,4,0,Orange Juice,Beverages,L,5.9,7.39,1.85,0.0,120.0,8,True,1.37,2.2071270718232046,2.35
2026-04-08,2,4,0,Orange Juice,Beverages,L,3.2,0.0,2.35,0.36,120.0,8,True,1.85,2.2071270718232046,2.2666666666666666
2026-04-09,3,4,0,Orange Juice,Beverages,L,1.39,0.0,1.8,0.0,120.0,8,True,2.35,1.71,2.2785714285714285
2026-04-10,4,4,0,Orange Juice,Beverages,L,8.48,9.71,2.62,0.0,120.0,8,True,1.8,2.76,2.2914285714285714
2026-04-11,5,4,1,Orange Juice,Beverages,L,5.92,0.0,2.56,0.0,120.0,8,True,2.62,2.36,2.271428571428572
2026-04-12,6,4,1,Orange Juice,Beverages,L,3.3,0.0,2.63,0.0,120.0,8,True,2.56,3.55,2.3000000000000003
2026-04-13,0,4,0,Orange Juice,Beverages,L,1.13,0.0,2.17,0.0,120.0,8,True,2.63,1.37,2.1685714285714286
2026-04-14,1,4,0,Orange Juice,Beverages,L,7.27,7.35,1.2,0.0,120.0,8,True,2.17,1.85,2.282857142857143
2026-04-15,2,4,0,Orange Juice,Beverages,L,5.05,0.0,2.21,0.0,120.0,8,True,1.2,2.35,2.19
2026-04-16,3,4,0,Orange Juice,Beverages,L,3.64,0.0,1.42,0.0,120.0,8,True,2.21,1.8,2.1700000000000004
2026-04-17,4,4,0,Orange Juice,Beverages,L,11.12,10.07,2.59,0.0,120.0,8,True,1.42,2.62,2.1157142857142857
2026-04-18,5,4,1,Orange Juice,Beverages,L,8.6,0.0,2.53,0.0,120.0,8,True,2.59,2.56,2.111428571428571
2026-04-19,6,4,1,Orange Juice,Beverages,L,5.66,0.0,2.94,0.0,120.0,8,True,2.53,2.63,2.107142857142857
2026-04-20,0,4,0,Orange Juice,Beverages,L,4.29,0.0,1.37,0.0,120.0,8,True,2.94,2.17,2.1514285714285712
2026-04-21,1,4,0,Orange Juice,Beverages,L,2.36,0.0,1.92,0.0,120.0,8,True,1.37,1.2,2.037142857142857
2026-04-22,2,4,0,Orange Juice,Beverages,L,5.24,5.22,2.35,0.0,120.0,8,True,1.92,2.21,2.14
2026-04-23,3,4,0,Orange Juice,Beverages,L,3.8,0.0,1.43,0.0,120.0,8,True,2.35,1.42,2.1599999999999997
2026-04-24,4,4,0,Orange Juice,Beverages,L,10.02,9.0,2.78,0.0,120.0,8,True,1.43,2.59,2.1614285714285715
2026-04-25,5,4,1,Orange Juice,Beverages,L,7.59,0.0,2.43,0.0,120.0,8,True,2.78,2.53,2.188571428571428
2026-04-26,6,4,1,Orange Juice,Beverages,L,4.72,0.0,2.87,0.0,120.0,8,True,2.43,2.94,2.174285714285714
2026-04-27,0,4,0,Orange Juice,Beverages,L,2.91,0.0,1.81,0.0,120.0,8,True,2.87,1.37,2.164285714285714
2026-04-28,1,4,0,Orange Juice,Beverages,L,1.29,0.0,1.63,0.0,120.0,8,True,1.81,1.92,2.2271428571428573
2026-04-29,2,4,0,Orange Juice,Beverages,L,6.02,6.66,1.93,0.0,120.0,8,True,1.63,2.35,2.1857142857142855
2026-04-30,3,4,0,Orange Juice,Beverages,L,3.73,0.0,2.29,0.0,120.0,8,True,1.93,1.43,2.1257142857142854
2026-05-01,4,5,0,Orange Juice,Beverages,L,8.23,7.12,2.62,0.0,120.0,8,True,2.29,2.78,2.248571428571428
2026-05-02,5,5,1,Orange Juice,Beverages,L,5.23,0.0,2.99,0.0,120.0,8,True,2.62,2.43,2.2257142857142855
2026-05-03,6,5,1,Orange Juice,Beverages,L,3.06,0.0,2.18,0.0,120.0,8,True,2.99,2.87,2.3057142857142856
2026-05-04,0,5,0,Orange Juice,Beverages,L,9.89,8.38,1.54,0.0,120.0,8,True,2.18,1.81,2.207142857142857
2026-05-05,1,5,0,Orange Juice,Beverages,L,19.43,11.47,1.93,0.0,120.0,8,True,1.54,1.63,2.1685714285714286
2026-05-06,2,5,0,Orange Juice,Beverages,L,17.23,0.0,2.2,0.0,120.0,8,True,1.93,1.93,2.2114285714285713
2026-05-07,3,5,0,Orange Juice,Beverages,L,26.44,11.1,1.9,0.0,120.0,8,True,2.2,2.29,2.25
2026-05-08,4,5,0,Orange Juice,Beverages,L,23.86,0.0,2.57,0.0,120.0,8,True,1.9,2.62,2.1942857142857144
2026-05-09,5,5,1,Orange Juice,Beverages,L,31.24,10.07,2.7,0.0,120.0,8,True,2.57,2.99,2.1871428571428573
2026-05-10,6,5,1,Orange Juice,Beverages,L,29.04,0.0,2.19,0.0,120.0,8,True,2.7,2.18,2.1457142857142855
2026-05-11,0,5,0,Orange Juice,Beverages,L,38.61,11.53,1.96,0.0,120.0,8,True,2.19,1.54,2.1471428571428572
2026-05-12,1,5,0,Orange Juice,Beverages,L,36.57,0.0,2.04,0.0,120.0,8,True,1.96,1.93,2.207142857142857
2026-05-13,2,5,0,Orange Juice,Beverages,L,34.89,0.0,1.68,0.0,120.0,8,True,2.04,2.2,2.222857142857143
2026-05-14,3,5,0,Orange Juice,Beverages,L,33.22,0.0,1.67,0.0,120.0,8,True,1.68,1.9,2.1485714285714286
2026-05-15,4,5,0,Orange Juice,Beverages,L,30.41,0.0,2.81,0.0,120.0,8,True,1.67,2.57,2.1157142857142857
2026-05-16,5,5,1,Orange Juice,Beverages,L,27.89,0.0,2.52,0.0,120.0,8,True,2.81,2.7,2.15
2026-05-17,6,5,1,Orange Juice,Beverages,L,25.21,0.0,2.67,0.0,120.0,8,True,2.52,2.19,2.1242857142857146
2026-05-18,0,5,0,Orange Juice,Beverages,L,22.85,0.0,2.37,0.0,120.0,8,True,2.67,1.96,2.1928571428571426
2026-05-19,1,5,0,Orange Juice,Beverages,L,21.11,0.0,1.73,0.0,120.0,8,True,2.37,2.04,2.2514285714285713
2026-05-20,2,5,0,Orange Juice,Beverages,L,25.84,6.92,1.7,0.49,120.0,8,True,1.73,1.68,2.207142857142857
2026-05-21,3,5,0,Orange Juice,Beverages,L,24.21,0.0,1.63,0.0,120.0,8,True,1.7,1.67,2.21
2026-05-22,4,5,0,Orange Juice,Beverages,L,21.21,0.0,3.0,0.0,120.0,8,True,1.63,2.81,2.204285714285714
2026-05-23,5,5,1,Orange Juice,Beverages,L,28.51,9.93,2.63,0.0,120.0,8,True,3.0,2.52,2.2314285714285718
2026-05-24,6,5,1,Orange Juice,Beverages,L,31.57,5.5,2.44,0.0,120.0,8,True,2.63,2.67,2.2471428571428573
2026-05-25,0,5,0,Orange Juice,Beverages,L,29.42,0.0,2.16,0.0,120.0,8,True,2.44,2.37,2.2142857142857144
2026-05-26,1,5,0,Orange Juice,Beverages,L,35.53,8.3,2.18,0.0,120.0,8,True,2.16,1.73,2.1842857142857146
2026-05-27,2,5,0,Orange Juice,Beverages,L,39.27,5.38,1.64,0.0,120.0,8,True,2.18,1.7,2.2485714285714287
2026-05-28,3,5,0,Orange Juice,Beverages,L,47.14,9.17,1.3,0.0,120.0,8,True,1.64,1.63,2.24
2026-05-29,4,5,0,Orange Juice,Beverages,L,44.04,0.0,3.11,0.0,120.0,8,True,1.3,3.0,2.1928571428571426
2026-05-30,5,5,1,Orange Juice,Beverages,L,41.61,0.0,2.42,0.0,120.0,8,True,3.11,2.63,2.2085714285714286
2026-05-31,6,5,1,Orange Juice,Beverages,L,38.59,0.0,3.02,0.0,120.0,8,True,2.42,2.44,2.1785714285714284
2026-06-01,0,6,0,Orange Juice,Beverages,L,37.33,0.0,1.27,0.0,120.0,8,True,3.02,2.16,2.2614285714285716
2026-06-02,1,6,0,Orange Juice,Beverages,L,35.28,0.0,2.04,0.0,120.0,8,True,1.27,2.18,2.1342857142857143
2026-06-03,2,6,0,Orange Juice,Beverages,L,33.81,0.0,1.47,0.0,120.0,8,True,2.04,1.64,2.1142857142857143
2026-06-04,3,6,0,Orange Juice,Beverages,L,31.81,0.0,2.0,0.0,120.0,8,True,1.47,1.3,2.09
2026-06-05,4,6,0,Orange Juice,Beverages,L,29.11,0.0,2.71,0.0,120.0,8,True,2.0,3.11,2.19
2026-06-06,5,6,1,Orange Juice,Beverages,L,26.8,0.0,2.31,0.0,120.0,8,True,2.71,2.42,2.132857142857143
2026-06-07,6,6,1,Orange Juice,Beverages,L,24.26,0.0,2.54,0.0,120.0,8,True,2.31,3.02,2.117142857142857
2026-06-08,0,6,0,Orange Juice,Beverages,L,33.3,11.03,1.99,0.0,120.0,8,True,2.54,1.27,2.0485714285714285
2026-06-09,1,6,0,Orange Juice,Beverages,L,31.47,0.0,1.83,0.0,120.0,8,True,1.99,2.04,2.1514285714285717
2026-06-10,2,6,0,Orange Juice,Beverages,L,29.52,0.0,1.96,0.0,120.0,8,True,1.83,1.47,2.1214285714285714
2026-06-11,3,6,0,Orange Juice,Beverages,L,27.18,0.0,2.33,0.0,120.0,8,True,1.96,2.0,2.1914285714285713
2026-06-12,4,6,0,Orange Juice,Beverages,L,25.12,0.0,2.07,0.0,120.0,8,True,2.33,2.71,2.2385714285714284
2026-06-13,5,6,1,Orange Juice,Beverages,L,21.76,0.0,3.35,0.0,120.0,8,True,2.07,2.31,2.1471428571428572
2026-06-14,6,6,1,Orange Juice,Beverages,L,19.02,0.0,2.74,0.0,120.0,8,True,3.35,2.54,2.295714285714286
2026-06-15,0,6,0,Orange Juice,Beverages,L,17.46,0.0,1.56,0.0,120.0,8,True,2.74,1.99,2.3242857142857143
2026-06-16,1,6,0,Orange Juice,Beverages,L,21.74,5.72,1.44,0.0,120.0,8,True,1.56,1.83,2.262857142857143
2026-06-17,2,6,0,Orange Juice,Beverages,L,19.99,0.0,1.75,0.0,120.0,8,True,1.44,1.96,2.207142857142857
2026-06-18,3,6,0,Orange Juice,Beverages,L,17.94,0.0,2.05,0.0,120.0,8,True,1.75,2.33,2.177142857142857
2026-06-19,4,6,0,Orange Juice,Beverages,L,15.29,0.0,2.65,0.0,120.0,8,True,2.05,2.07,2.1371428571428575
2026-06-20,5,6,1,Orange Juice,Beverages,L,11.98,0.0,3.31,0.0,120.0,8,True,2.65,3.35,2.2199999999999998
2026-06-21,6,6,1,Orange Juice,Beverages,L,9.87,0.0,2.11,0.0,120.0,8,True,3.31,2.74,2.2142857142857144
2026-06-22,0,6,0,Orange Juice,Beverages,L,8.07,0.0,1.8,0.0,120.0,8,True,2.11,1.56,2.124285714285714
2026-06-23,1,6,0,Orange Juice,Beverages,L,6.61,0.0,1.46,0.0,120.0,8,True,1.8,1.44,2.1585714285714284
2026-06-24,2,6,0,Orange Juice,Beverages,L,4.71,0.0,1.9,0.0,120.0,8,True,1.46,1.75,2.1614285714285715
2026-06-25,3,6,0,Orange Juice,Beverages,L,2.67,0.0,2.04,0.0,120.0,8,True,1.9,2.05,2.182857142857143
2026-06-26,4,6,0,Orange Juice,Beverages,L,6.8,6.65,2.53,0.0,120.0,8,True,2.04,2.65,2.1814285714285715
2026-06-27,5,6,1,Orange Juice,Beverages,L,16.67,11.52,1.65,0.0,120.0,8,True,2.53,3.31,2.164285714285714
2026-06-28,6,6,1,Orange Juice,Beverages,L,13.89,0.0,2.78,0.0,120.0,8,True,1.65,2.11,1.9271428571428568
2026-06-29,0,6,0,Orange Juice,Beverages,L,11.97,0.0,1.92,0.0,120.0,8,True,2.78,1.8,2.0228571428571427
2026-06-30,1,6,0,Orange Juice,Beverages,L,10.06,0.0,1.91,0.0,120.0,8,True,1.92,1.46,2.04
2026-07-01,2,7,0,Orange Juice,Beverages,L,7.93,0.0,2.13,0.0,120.0,8,True,1.91,1.9,2.1042857142857145
2026-07-02,3,7,0,Orange Juice,Beverages,L,17.11,10.7,1.51,0.0,120.0,8,True,2.13,2.04,2.137142857142857
2026-07-03,4,7,0,Orange Juice,Beverages,L,14.14,0.0,2.98,0.0,120.0,8,True,1.51,2.53,2.061428571428571
2026-07-04,5,7,1,Orange Juice,Beverages,L,10.96,0.0,3.18,0.0,120.0,8,True,2.98,1.65,2.1257142857142854
2026-07-05,6,7,1,Orange Juice,Beverages,L,8.98,0.0,1.98,0.0,120.0,8,True,3.18,2.78,2.3442857142857143
2026-07-06,0,7,0,Orange Juice,Beverages,L,7.09,0.0,1.89,0.0,120.0,8,True,1.98,1.92,2.23
2026-07-07,1,7,0,Orange Juice,Beverages,L,11.45,6.03,1.66,0.0,120.0,8,True,1.89,1.91,2.2257142857142855
2026-07-08,2,7,0,Orange Juice,Beverages,L,9.68,0.0,1.78,0.0,120.0,8,True,1.66,2.13,2.19
2026-07-09,3,7,0,Orange Juice,Beverages,L,7.78,0.0,1.89,0.0,120.0,8,True,1.78,1.51,2.14
2026-07-10,4,7,0,Orange Juice,Beverages,L,5.28,0.0,2.5,0.0,120.0,8,True,1.89,2.98,2.1942857142857144
2026-07-11,5,7,1,Orange Juice,Beverages,L,2.85,0.0,2.43,0.0,120.0,8,True,2.5,3.18,2.1257142857142854
2026-07-12,6,7,1,Orange Juice,Beverages,L,7.27,7.13,2.71,0.0,120.0,8,True,2.43,1.98,2.0185714285714287
2026-07-13,0,7,0,Orange Juice,Beverages,L,5.76,0.0,1.51,0.0,120.0,8,True,2.71,1.89,2.1228571428571428
2026-07-14,1,7,0,Orange Juice,Beverages,L,4.26,0.0,1.51,0.0,120.0,8,True,1.51,1.66,2.0685714285714285
2026-07-15,2,7,0,Orange Juice,Beverages,L,14.18,11.9,1.98,0.0,120.0,8,True,1.51,1.78,2.0471428571428576
2026-07-16,3,7,0,Orange Juice,Beverages,L,19.75,7.06,1.49,0.0,120.0,8,True,1.98,1.89,2.0757142857142856
2026-07-17,4,7,0,Orange Juice,Beverages,L,16.78,0.0,2.97,0.0,120.0,8,True,1.49,2.5,2.0185714285714287
2026-07-18,5,7,1,Orange Juice,Beverages,L,13.89,0.0,2.89,0.0,120.0,8,True,2.97,2.43,2.085714285714286
2026-07-19,6,7,1,Orange Juice,Beverages,L,11.89,0.0,2.0,0.0,120.0,8,True,2.89,2.71,2.1514285714285717
2026-07-20,0,7,0,Orange Juice,Beverages,L,10.27,0.0,1.62,0.0,120.0,8,True,2.0,1.51,2.0500000000000003
2026-07-21,1,7,0,Orange Juice,Beverages,L,8.15,0.0,2.12,0.0,120.0,8,True,1.62,1.51,2.065714285714286
2026-07-22,2,7,0,Orange Juice,Beverages,L,6.62,0.0,1.54,0.0,120.0,8,True,2.12,1.98,2.152857142857143
2026-07-23,3,7,0,Orange Juice,Beverages,L,4.94,0.0,1.67,0.0,120.0,8,True,1.54,1.49,2.0900000000000003
2026-07-24,4,7,0,Orange Juice,Beverages,L,2.05,0.0,2.89,0.0,120.0,8,True,1.67,2.97,2.1157142857142857
2026-07-25,5,7,1,Orange Juice,Beverages,L,5.35,6.32,3.02,0.0,120.0,8,True,2.89,2.89,2.1042857142857145
2026-07-26,6,7,1,Orange Juice,Beverages,L,2.76,0.0,2.6,0.0,120.0,8,True,3.02,2.0,2.1228571428571428
2026-07-27,0,7,0,Orange Juice,Beverages,L,13.1,11.98,1.64,0.0,120.0,8,True,2.6,1.62,2.2085714285714286
2026-07-28,1,7,0,Orange Juice,Beverages,L,15.73,5.5,2.18,0.69,120.0,8,True,1.64,2.12,2.2114285714285713
2026-07-29,2,7,0,Orange Juice,Beverages,L,13.46,0.0,2.27,0.0,120.0,8,True,2.18,1.54,2.2199999999999998
2026-07-30,3,7,0,Orange Juice,Beverages,L,11.39,0.0,2.06,0.0,120.0,8,True,2.27,1.67,2.3242857142857143
2026-07-31,4,7,0,Orange Juice,Beverages,L,8.66,0.0,2.73,0.0,120.0,8,True,2.06,2.89,2.38
2026-08-01,5,8,1,Orange Juice,Beverages,L,6.29,0.0,2.37,0.0,120.0,8,True,2.73,3.02,2.357142857142857
2026-08-02,6,8,1,Orange Juice,Beverages,L,3.92,0.0,2.36,0.0,120.0,8,True,2.37,2.6,2.2642857142857147
2026-08-03,0,8,0,Orange Juice,Beverages,L,10.55,8.57,1.94,0.0,120.0,8,True,2.36,1.64,2.23
2026-08-04,1,8,0,Orange Juice,Beverages,L,8.64,0.0,1.91,0.0,120.0,8,True,1.94,2.18,2.2728571428571427
2026-08-05,2,8,0,Orange Juice,Beverages,L,15.69,9.23,2.18,0.0,120.0,8,True,1.91,2.27,2.2342857142857144
2026-08-06,3,8,0,Orange Juice,Beverages,L,13.71,0.0,1.98,0.0,120.0,8,True,2.18,2.06,2.2214285714285715
2026-08-07,4,8,0,Orange Juice,Beverages,L,11.62,0.0,2.09,0.0,120.0,8,True,1.98,2.73,2.21
2026-08-08,5,8,1,Orange Juice,Beverages,L,8.5,0.0,3.13,0.0,120.0,8,True,2.09,2.37,2.1185714285714288
2026-08-09,6,8,1,Orange Juice,Beverages,L,6.2,0.0,2.3,0.0,120.0,8,True,3.13,2.36,2.2271428571428573
2026-08-10,0,8,0,Orange Juice,Beverages,L,4.5,0.0,1.7,0.0,120.0,8,True,2.3,1.94,2.2185714285714284
2026-08-11,1,8,0,Orange Juice,Beverages,L,2.64,0.0,1.87,0.0,120.0,8,True,1.7,1.91,2.1842857142857146
2026-08-12,2,8,0,Orange Juice,Beverages,L,6.29,5.99,2.34,0.0,120.0,8,True,1.87,2.18,2.1785714285714284
2026-08-13,3,8,0,Orange Juice,Beverages,L,3.65,0.0,2.64,0.0,120.0,8,True,2.34,1.98,2.2014285714285715
2026-08-14,4,8,0,Orange Juice,Beverages,L,11.16,10.45,2.95,0.0,120.0,8,True,2.64,2.09,2.295714285714286
2026-08-15,5,8,1,Orange Juice,Beverages,L,19.76,11.23,2.63,0.0,120.0,8,True,2.95,3.13,2.4185714285714286
2026-08-16,6,8,1,Orange Juice,Beverages,L,16.85,0.0,2.92,0.0,120.0,8,True,2.63,2.3,2.347142857142857
2026-08-17,0,8,0,Orange Juice,Beverages,L,14.81,0.0,2.04,0.0,120.0,8,True,2.92,1.7,2.435714285714286
2026-08-18,1,8,0,Orange Juice,Beverages,L,13.09,0.0,1.71,0.0,120.0,8,True,2.04,1.87,2.4842857142857144
2026-08-19,2,8,0,Orange Juice,Beverages,L,10.81,0.0,2.28,0.0,120.0,8,True,1.71,2.34,2.4614285714285713
2026-08-20,3,8,0,Orange Juice,Beverages,L,8.95,0.0,1.86,0.0,120.0,8,True,2.28,2.64,2.4528571428571433
2026-08-21,4,8,0,Orange Juice,Beverages,L,6.04,0.0,2.9,0.0,120.0,8,True,1.86,2.95,2.3414285714285716
2026-08-22,5,8,1,Orange Juice,Beverages,L,3.07,0.0,2.97,0.0,120.0,8,True,2.9,2.63,2.334285714285714
2026-08-23,6,8,1,Orange Juice,Beverages,L,8.15,7.95,2.87,0.0,120.0,8,True,2.97,2.92,2.382857142857143
2026-08-24,0,8,0,Orange Juice,Beverages,L,6.12,0.0,2.03,0.0,120.0,8,True,2.87,2.04,2.3757142857142854
2026-08-25,1,8,0,Orange Juice,Beverages,L,15.95,11.46,1.63,0.0,120.0,8,True,2.03,1.71,2.3742857142857146
2026-08-26,2,8,0,Orange Juice,Beverages,L,14.3,0.0,1.65,0.0,120.0,8,True,1.63,2.28,2.3628571428571425
2026-08-27,3,8,0,Orange Juice,Beverages,L,21.11,8.31,1.5,0.0,120.0,8,True,1.65,1.86,2.2728571428571427
2026-08-28,4,8,0,Orange Juice,Beverages,L,30.17,11.93,2.88,0.0,120.0,8,True,1.5,2.9,2.2214285714285715
2026-08-29,5,8,1,Orange Juice,Beverages,L,27.15,0.0,3.02,0.0,120.0,8,True,2.88,2.97,2.2185714285714284
2026-08-30,6,8,1,Orange Juice,Beverages,L,32.8,8.54,2.89,0.0,120.0,8,True,3.02,2.87,2.2257142857142855
2026-08-31,0,8,0,Orange Juice,Beverages,L,30.55,0.0,2.25,0.0,120.0,8,True,2.89,2.03,2.2285714285714286
2026-09-01,1,9,0,Orange Juice,Beverages,L,28.75,0.0,1.8,0.0,120.0,8,True,2.25,1.63,2.2600000000000002
2026-09-02,2,9,0,Orange Juice,Beverages,L,32.55,5.78,1.98,0.0,120.0,8,True,1.8,1.65,2.2842857142857143
2026-09-03,3,9,0,Orange Juice,Beverages,L,31.05,0.0,1.51,0.0,120.0,8,True,1.98,1.5,2.3314285714285714
2026-09-04,4,9,0,Orange Juice,Beverages,L,28.51,0.0,2.54,0.0,120.0,8,True,1.51,2.88,2.3328571428571427
2026-09-05,5,9,1,Orange Juice,Beverages,L,25.52,0.0,2.98,0.0,120.0,8,True,2.54,3.02,2.2842857142857143
2026-09-06,6,9,1,Orange Juice,Beverages,L,22.48,0.0,3.04,0.0,120.0,8,True,2.98,2.89,2.2785714285714285
2026-09-07,0,9,0,Orange Juice,Beverages,L,20.76,0.0,1.72,0.0,120.0,8,True,3.04,2.25,2.3000000000000003
2026-09-08,1,9,0,Orange Juice,Beverages,L,24.99,6.02,1.78,0.0,120.0,8,True,1.72,1.8,2.224285714285714
2026-09-09,2,9,0,Orange Juice,Beverages,L,32.08,8.47,1.39,0.0,120.0,8,True,1.78,1.98,2.2214285714285715
2026-09-10,3,9,0,Orange Juice,Beverages,L,30.37,0.0,1.7,0.0,120.0,8,True,1.39,1.51,2.137142857142857
2026-09-11,4,9,0,Orange Juice,Beverages,L,27.31,0.0,3.06,0.0,120.0,8,True,1.7,2.54,2.164285714285714
2026-09-12,5,9,1,Orange Juice,Beverages,L,34.52,10.14,2.93,0.0,120.0,8,True,3.06,2.98,2.2385714285714284
2026-09-13,6,9,1,Orange Juice,Beverages,L,31.62,0.0,2.9,0.0,120.0,8,True,2.93,3.04,2.2314285714285718
2026-09-14,0,9,0,Orange Juice,Beverages,L,35.98,6.17,1.81,0.0,120.0,8,True,2.9,1.72,2.2114285714285713
2026-09-15,1,9,0,Orange Juice,Beverages,L,34.17,0.0,1.8,0.0,120.0,8,True,1.81,1.78,2.224285714285714
2026-09-16,2,9,0,Orange Juice,Beverages,L,32.55,0.0,1.62,0.0,120.0,8,True,1.8,1.39,2.2271428571428573
2026-09-17,3,9,0,Orange Juice,Beverages,L,30.56,0.0,1.99,0.0,120.0,8,True,1.62,1.7,2.2600000000000002
2026-09-18,4,9,0,Orange Juice,Beverages,L,27.69,0.0,2.87,0.0,120.0,8,True,1.99,3.06,2.301428571428571
2026-09-19,5,9,1,Orange Juice,Beverages,L,23.69,0.0,2.9,1.1,120.0,8,True,2.87,2.93,2.2742857142857145
2026-09-20,6,9,1,Orange Juice,Beverages,L,21.21,0.0,2.49,0.0,120.0,8,True,2.9,2.9,2.27
2026-09-21,0,9,0,Orange Juice,Beverages,L,19.99,0.0,1.22,0.0,120.0,8,True,2.49,1.81,2.2114285714285713
2026-09-22,1,9,0,Orange Juice,Beverages,L,29.32,11.42,2.1,0.0,120.0,8,True,1.22,1.8,2.1271428571428572
2026-09-23,2,9,0,Orange Juice,Beverages,L,27.64,0.0,1.67,0.0,120.0,8,True,2.1,1.62,2.17
2026-09-24,3,9,0,Orange Juice,Beverages,L,26.08,0.0,1.57,0.0,120.0,8,True,1.67,1.99,2.177142857142857
2026-09-25,4,9,0,Orange Juice,Beverages,L,23.1,0.0,2.98,0.0,120.0,8,True,1.57,2.87,2.117142857142857
2026-09-26,5,9,1,Orange Juice,Beverages,L,30.14,9.58,2.54,0.0,120.0,8,True,2.98,2.9,2.132857142857143
2026-09-27,6,9,1,Orange Juice,Beverages,L,27.01,0.0,3.13,0.0,120.0,8,True,2.54,2.49,2.0814285714285714
2026-09-28,0,9,0,Orange Juice,Beverages,L,25.04,0.0,1.97,0.0,120.0,8,True,3.13,1.22,2.172857142857143
2026-09-29,1,9,0,Orange Juice,Beverages,L,30.42,7.36,1.98,0.0,120.0,8,True,1.97,2.1,2.28
